Entity;Year;Aquaculture production (metric tons)
Afghanistan;2001;450.0
Afghanistan;2002;450.0
Afghanistan;2003;450.0
Afghanistan;2004;450.0
Afghanistan;2005;450.0
Afghanistan;2006;450.0
Afghanistan;2007;1050.0
Afghanistan;2008;1050.0
Afghanistan;2009;1650.0
Afghanistan;2010;2250.0
Afghanistan;2011;2850.0
Afghanistan;2012;3480.0
Afghanistan;2013;4110.0
Afghanistan;2014;4760.0
Afghanistan;2015;5450.0
Afghanistan;2016;6150.0
Afghanistan;2017;7000.0
Afghanistan;2018;7950.0
Albania;2001;286.0
Albania;2002;860.0
Albania;2003;1473.0
Albania;2004;1569.0
Albania;2005;1473.0
Albania;2006;2057.0
Albania;2007;2092.0
Albania;2008;2000.0
Albania;2009;2317.0
Albania;2010;2520.0
Albania;2011;2345.0
Albania;2012;3450.0
Albania;2013;3700.0
Albania;2014;4000.0
Albania;2015;3495.0
Albania;2016;4750.0
Albania;2017;4430.0
Albania;2018;6258.0
Algeria;2001;454.0
Algeria;2002;476.0
Algeria;2003;417.0
Algeria;2004;586.0
Algeria;2005;368.0
Algeria;2006;288.0
Algeria;2007;405.0
Algeria;2008;2779.9
Algeria;2009;2163.2
Algeria;2010;1758.7
Algeria;2011;2245.8
Algeria;2012;2644.0
Algeria;2013;2192.9
Algeria;2014;2411.0
Algeria;2015;1333.0
Algeria;2016;1376.0
Algeria;2017;1416.0
Algeria;2018;5100.1
Angola;2001;11.0
Angola;2002;51.0
Angola;2003;72.0
Angola;2004;92.0
Angola;2005;126.0
Angola;2006;156.0
Angola;2007;190.0
Angola;2008;190.0
Angola;2009;260.0
Angola;2010;310.0
Angola;2011;310.0
Angola;2012;310.0
Angola;2013;57.0
Angola;2014;305.0
Angola;2015;872.0
Angola;2016;655.0
Angola;2017;1339.0
Angola;2018;1752.0
Argentina;2001;1340.0
Argentina;2002;1457.0
Argentina;2003;1647.0
Argentina;2004;1848.0
Argentina;2005;2057.0
Argentina;2006;2528.0
Argentina;2007;2957.0
Argentina;2008;2700.0
Argentina;2009;2582.9
Argentina;2010;2654.3
Argentina;2011;3193.2
Argentina;2012;2958.4
Argentina;2013;3825.1
Argentina;2014;4002.7
Argentina;2015;3662.7
Argentina;2016;3673.5
Argentina;2017;3567.8
Argentina;2018;3205.3
Armenia;2001;1331.0
Armenia;2002;1020.0
Armenia;2003;1064.0
Armenia;2004;813.0
Armenia;2005;739.0
Armenia;2006;1056.0
Armenia;2007;3650.0
Armenia;2008;5100.0
Armenia;2009;5240.0
Armenia;2010;5000.0
Armenia;2011;6300.0
Armenia;2012;8850.0
Armenia;2013;11700.0
Armenia;2014;13925.0
Armenia;2015;15130.0
Armenia;2016;16381.0
Armenia;2017;16690.0
Armenia;2018;17000.0
Australia;2001;35403.0
Australia;2002;38566.0
Australia;2003;38793.0
Australia;2004;44142.0
Australia;2005;42787.0
Australia;2006;49376.0
Australia;2007;55799.0
Australia;2008;58911.7
Australia;2009;70121.9
Australia;2010;73827.2
Australia;2011;73126.5
Australia;2012;78992.1
Australia;2013;76416.9
Australia;2014;73677.6
Australia;2015;83725.2
Australia;2016;92449.9
Australia;2017;89824.9
Australia;2018;96798.5
Austria;2001;2393.0
Austria;2002;2333.0
Austria;2003;2233.0
Austria;2004;2267.0
Austria;2005;2420.0
Austria;2006;2503.0
Austria;2007;2539.0
Austria;2008;2087.0
Austria;2009;2141.0
Austria;2010;2167.0
Austria;2011;2904.3
Austria;2012;3125.5
Austria;2013;3237.0
Austria;2014;3390.3
Austria;2015;3503.4
Austria;2016;3483.4
Austria;2017;3861.6
Austria;2018;3990.6
Azerbaijan;2001;95.0
Azerbaijan;2002;80.0
Azerbaijan;2003;130.0
Azerbaijan;2004;350.0
Azerbaijan;2005;500.0
Azerbaijan;2006;600.0
Azerbaijan;2007;900.0
Azerbaijan;2008;1000.0
Azerbaijan;2009;1000.0
Azerbaijan;2010;1000.0
Azerbaijan;2011;517.0
Azerbaijan;2012;366.1
Azerbaijan;2013;325.0
Azerbaijan;2014;305.0
Azerbaijan;2015;561.0
Azerbaijan;2016;640.0
Azerbaijan;2017;695.0
Azerbaijan;2018;478.0
Bangladesh;2001;712640.0
Bangladesh;2002;786604.0
Bangladesh;2003;856956.0
Bangladesh;2004;914752.0
Bangladesh;2005;882091.0
Bangladesh;2006;892049.0
Bangladesh;2007;945812.0
Bangladesh;2008;1005542.0
Bangladesh;2009;1064285.0
Bangladesh;2010;1308515.0
Bangladesh;2011;1523759.0
Bangladesh;2012;1726066.0
Bangladesh;2013;1859808.0
Bangladesh;2014;1956925.0
Bangladesh;2015;2060408.0
Bangladesh;2016;2203554.0
Bangladesh;2017;2333352.0
Bangladesh;2018;2405416.0
Barbados;2006;2.0
Barbados;2007;2.0
Barbados;2008;2.0
Barbados;2009;2.0
Barbados;2010;2.0
Barbados;2011;10.5
Barbados;2012;10.5
Barbados;2013;14.5
Barbados;2014;20.5
Barbados;2015;20.5
Barbados;2016;25.5
Barbados;2017;25.5
Barbados;2018;25.5
Belarus;2001;4666.0
Belarus;2002;6523.0
Belarus;2003;5393.0
Belarus;2004;4150.0
Belarus;2005;5648.0
Belarus;2006;8406.0
Belarus;2007;14091.0
Belarus;2008;14636.0
Belarus;2009;15659.0
Belarus;2010;16265.0
Belarus;2011;16293.0
Belarus;2012;15499.0
Belarus;2013;13548.0
Belarus;2014;10658.0
Belarus;2015;9130.9
Belarus;2016;11199.0
Belarus;2017;10353.5
Belarus;2018;11580.9
Belgium;2001;1830.0
Belgium;2002;1834.0
Belgium;2003;1261.0
Belgium;2004;739.0
Belgium;2005;414.0
Belgium;2006;128.0
Belgium;2007;128.0
Belgium;2008;126.0
Belgium;2009;576.0
Belgium;2010;539.0
Belgium;2011;101.0
Belgium;2012;277.0
Belgium;2013;212.0
Belgium;2014;214.0
Belgium;2015;82.0
Belgium;2016;44.0
Belgium;2017;75.0
Belgium;2018;111.0
Belize;2001;4460.0
Belize;2002;4400.0
Belize;2003;10160.0
Belize;2004;11426.0
Belize;2005;11078.0
Belize;2006;7624.0
Belize;2007;3172.0
Belize;2008;4528.0
Belize;2009;5725.0
Belize;2010;7410.7
Belize;2011;5102.0
Belize;2012;5879.6
Belize;2013;7150.0
Belize;2014;7212.8
Belize;2015;4203.0
Belize;2016;1148.0
Belize;2017;563.0
Belize;2018;563.0
Benin;2002;7.0
Benin;2003;7.0
Benin;2004;7.0
Benin;2005;350.0
Benin;2006;415.0
Benin;2007;178.0
Benin;2008;213.0
Benin;2009;308.0
Benin;2010;364.0
Benin;2011;400.0
Benin;2012;500.0
Benin;2013;667.0
Benin;2014;1425.0
Benin;2015;4459.7
Benin;2016;4207.0
Benin;2017;4529.7
Benin;2018;5114.1
Bolivia;2001;320.0
Bolivia;2002;418.0
Bolivia;2003;375.0
Bolivia;2004;450.0
Bolivia;2005;430.0
Bolivia;2006;455.0
Bolivia;2007;585.0
Bolivia;2008;631.0
Bolivia;2009;775.0
Bolivia;2010;856.0
Bolivia;2011;966.0
Bolivia;2012;1060.0
Bolivia;2013;1076.0
Bolivia;2014;1400.0
Bolivia;2015;2987.5
Bolivia;2016;3250.0
Bolivia;2017;3500.0
Bolivia;2018;3500.0
Bosnia and Herzegovina;2002;4685.0
Bosnia and Herzegovina;2003;6635.0
Bosnia and Herzegovina;2004;6394.0
Bosnia and Herzegovina;2005;7070.0
Bosnia and Herzegovina;2006;7621.0
Bosnia and Herzegovina;2007;7442.0
Bosnia and Herzegovina;2008;7589.0
Bosnia and Herzegovina;2009;7620.0
Bosnia and Herzegovina;2010;7620.0
Bosnia and Herzegovina;2011;4970.2
Bosnia and Herzegovina;2012;3638.3
Bosnia and Herzegovina;2013;2923.5
Bosnia and Herzegovina;2014;3397.0
Bosnia and Herzegovina;2015;4450.6
Bosnia and Herzegovina;2016;4563.6
Bosnia and Herzegovina;2017;3760.4
Bosnia and Herzegovina;2018;3638.8
Botswana;2015;20.0
Botswana;2016;15.0
Botswana;2017;15.0
Botswana;2018;15.0
Brazil;2001;205568.0
Brazil;2002;247678.0
Brazil;2003;273268.0
Brazil;2004;269699.0
Brazil;2005;257784.0
Brazil;2006;271697.0
Brazil;2007;289048.0
Brazil;2008;331553.0
Brazil;2009;365127.0
Brazil;2010;411777.0
Brazil;2011;436084.0
Brazil;2012;480880.0
Brazil;2013;477752.0
Brazil;2014;564230.0
Brazil;2015;575230.0
Brazil;2016;590730.0
Brazil;2017;595730.0
Brazil;2018;605730.0
Brunei;2001;99.0
Brunei;2002;157.0
Brunei;2003;160.0
Brunei;2004;709.0
Brunei;2005;454.0
Brunei;2006;475.0
Brunei;2007;622.0
Brunei;2008;473.0
Brunei;2009;433.0
Brunei;2010;500.0
Brunei;2011;530.0
Brunei;2012;550.0
Brunei;2013;560.8
Brunei;2014;711.1
Brunei;2015;983.1
Brunei;2016;947.6
Brunei;2017;1632.0
Brunei;2018;1116.5
Bulgaria;2001;2938.0
Bulgaria;2002;2308.0
Bulgaria;2003;4465.0
Bulgaria;2004;2489.0
Bulgaria;2005;3145.0
Bulgaria;2006;3257.0
Bulgaria;2007;4032.0
Bulgaria;2008;5157.0
Bulgaria;2009;6722.5
Bulgaria;2010;7920.6
Bulgaria;2011;5527.2
Bulgaria;2012;5975.1
Bulgaria;2013;12151.7
Bulgaria;2014;11171.8
Bulgaria;2015;13536.5
Bulgaria;2016;15762.2
Bulgaria;2017;15752.2
Bulgaria;2018;16341.8
Burkina Faso;2001;5.0
Burkina Faso;2002;5.0
Burkina Faso;2003;5.0
Burkina Faso;2004;5.0
Burkina Faso;2005;65.0
Burkina Faso;2006;250.0
Burkina Faso;2007;348.0
Burkina Faso;2008;475.0
Burkina Faso;2009;275.0
Burkina Faso;2010;280.0
Burkina Faso;2011;300.0
Burkina Faso;2012;302.0
Burkina Faso;2013;320.0
Burkina Faso;2014;301.0
Burkina Faso;2015;280.0
Burkina Faso;2016;440.0
Burkina Faso;2017;512.0
Burkina Faso;2018;548.0
Cambodia;2001;17500.0
Cambodia;2002;18250.0
Cambodia;2003;26300.0
Cambodia;2004;37515.0
Cambodia;2005;44000.0
Cambodia;2006;41010.0
Cambodia;2007;35260.0
Cambodia;2008;40000.0
Cambodia;2009;50000.0
Cambodia;2010;60000.0
Cambodia;2011;72000.0
Cambodia;2012;74000.0
Cambodia;2013;90000.0
Cambodia;2014;120055.0
Cambodia;2015;145000.0
Cambodia;2016;172500.0
Cambodia;2017;207500.0
Cambodia;2018;254050.0
Cameroon;2001;150.0
Cameroon;2002;330.0
Cameroon;2003;385.0
Cameroon;2004;395.0
Cameroon;2005;402.0
Cameroon;2006;435.0
Cameroon;2007;546.0
Cameroon;2008;546.0
Cameroon;2009;546.0
Cameroon;2010;570.0
Cameroon;2011;571.0
Cameroon;2012;840.0
Cameroon;2013;1195.0
Cameroon;2014;1575.0
Cameroon;2015;1955.0
Cameroon;2016;2315.0
Cameroon;2017;2315.0
Cameroon;2018;2340.0
Canada;2001;153046.0
Canada;2002;172046.0
Canada;2003;167798.0
Canada;2004;145018.0
Canada;2005;154587.0
Canada;2006;171629.0
Canada;2007;152486.0
Canada;2008;155549.0
Canada;2009;155928.0
Canada;2010;162341.0
Canada;2011;169706.0
Canada;2012;184910.0
Canada;2013;168015.0
Canada;2014;139732.0
Canada;2015;187374.0
Canada;2016;200765.0
Canada;2017;191616.0
Canada;2018;191323.0
Central African Republic;2001;125.0
Central African Republic;2002;125.0
Central African Republic;2003;125.0
Central African Republic;2004;125.0
Central African Republic;2005;125.0
Central African Republic;2006;140.0
Central African Republic;2007;140.0
Central African Republic;2008;140.0
Central African Republic;2009;140.0
Central African Republic;2010;170.0
Central African Republic;2011;170.0
Central African Republic;2012;182.0
Central African Republic;2013;180.0
Central African Republic;2014;180.0
Central African Republic;2015;180.0
Central African Republic;2016;190.0
Central African Republic;2017;190.0
Central African Republic;2018;190.0
Chad;2008;30.0
Chad;2009;30.0
Chad;2010;30.0
Chad;2011;30.0
Chad;2012;30.0
Chad;2013;60.0
Chad;2014;60.0
Chad;2015;154.0
Chad;2016;94.0
Chad;2017;450.0
Chad;2018;450.0
Chile;2001;631634.0
Chile;2002;617303.0
Chile;2003;607338.0
Chile;2004;696157.0
Chile;2005;739368.0
Chile;2006;832329.0
Chile;2007;806166.0
Chile;2008;870845.0
Chile;2009;881084.0
Chile;2010;713241.0
Chile;2011;969539.0
Chile;2012;1075547.0
Chile;2013;1045718.0
Chile;2014;1227359.0
Chile;2015;1057742.0
Chile;2016;1050117.0
Chile;2017;1219747.1
Chile;2018;1287232.5
China;2001;31102502.0
China;2002;33160272.0
China;2003;34891716.0
China;2004;37172412.0
China;2005;38943268.0
China;2006;40911092.0
China;2007;42530160.0
China;2008;44072888.0
China;2009;46062876.0
China;2010;47789756.0
China;2011;49147608.0
China;2012;52082584.0
China;2013;55029056.0
China;2014;57320504.0
China;2015;59368940.0
China;2016;62318376.0
China;2017;64358480.0
China;2018;66135060.0
Colombia;2001;57660.0
Colombia;2002;57160.0
Colombia;2003;60895.0
Colombia;2004;60072.0
Colombia;2005;61000.0
Colombia;2006;70132.0
Colombia;2007;66565.0
Colombia;2008;68200.0
Colombia;2009;80623.0
Colombia;2010;80367.0
Colombia;2011;83681.0
Colombia;2012;89654.0
Colombia;2013;89398.0
Colombia;2014;92002.0
Colombia;2015;95857.0
Colombia;2016;106685.0
Colombia;2017;118485.0
Colombia;2018;132756.2
Congo;2001;64.0
Congo;2002;68.0
Congo;2003;69.0
Congo;2004;72.0
Congo;2005;80.0
Congo;2006;21.0
Congo;2007;25.0
Congo;2008;65.0
Congo;2009;56.0
Congo;2010;58.0
Congo;2011;68.0
Congo;2012;98.0
Congo;2013;119.0
Congo;2014;134.0
Congo;2015;153.0
Congo;2016;177.0
Congo;2017;207.0
Congo;2018;95.0
Costa Rica;2001;10520.0
Costa Rica;2002;17892.0
Costa Rica;2003;20546.0
Costa Rica;2004;24708.0
Costa Rica;2005;24038.0
Costa Rica;2006;19962.0
Costa Rica;2007;25765.0
Costa Rica;2008;27059.0
Costa Rica;2009;24754.3
Costa Rica;2010;26839.0
Costa Rica;2011;27713.5
Costa Rica;2012;27287.0
Costa Rica;2013;30352.0
Costa Rica;2014;26765.5
Costa Rica;2015;22502.5
Costa Rica;2016;20820.0
Costa Rica;2017;20820.0
Costa Rica;2018;20820.0
Cote d'Ivoire;2001;1025.0
Cote d'Ivoire;2002;806.0
Cote d'Ivoire;2003;866.0
Cote d'Ivoire;2004;866.0
Cote d'Ivoire;2005;866.0
Cote d'Ivoire;2006;866.0
Cote d'Ivoire;2007;1290.0
Cote d'Ivoire;2008;1290.0
Cote d'Ivoire;2009;1340.0
Cote d'Ivoire;2010;1700.0
Cote d'Ivoire;2011;3394.0
Cote d'Ivoire;2012;3720.0
Cote d'Ivoire;2013;3720.0
Cote d'Ivoire;2014;3750.0
Cote d'Ivoire;2015;4000.0
Cote d'Ivoire;2016;4392.0
Cote d'Ivoire;2017;4500.0
Cote d'Ivoire;2018;4500.0
Croatia;2001;10468.0
Croatia;2002;9095.0
Croatia;2003;9505.0
Croatia;2004;10917.0
Croatia;2005;12127.0
Croatia;2006;15497.0
Croatia;2007;14045.0
Croatia;2008;13878.0
Croatia;2009;14228.5
Croatia;2010;13990.5
Croatia;2011;12846.0
Croatia;2012;10440.4
Croatia;2013;12018.9
Croatia;2014;13149.2
Croatia;2015;15571.5
Croatia;2016;15804.8
Croatia;2017;16033.8
Croatia;2018;18067.2
Cuba;2001;25569.0
Cuba;2002;27044.0
Cuba;2003;26897.0
Cuba;2004;27562.0
Cuba;2005;22635.0
Cuba;2006;27210.0
Cuba;2007;37526.0
Cuba;2008;36685.0
Cuba;2009;36002.0
Cuba;2010;31422.0
Cuba;2011;24597.8
Cuba;2012;26179.2
Cuba;2013;29577.7
Cuba;2014;31282.6
Cuba;2015;32056.0
Cuba;2016;29185.0
Cuba;2017;31210.0
Cuba;2018;28628.0
Cyprus;2001;1883.0
Cyprus;2002;1862.0
Cyprus;2003;1821.0
Cyprus;2004;2445.0
Cyprus;2005;2436.0
Cyprus;2006;2787.0
Cyprus;2007;2450.0
Cyprus;2008;2887.0
Cyprus;2009;3415.5
Cyprus;2010;4115.8
Cyprus;2011;4667.0
Cyprus;2012;4333.7
Cyprus;2013;5339.1
Cyprus;2014;4835.1
Cyprus;2015;5458.6
Cyprus;2016;6625.0
Cyprus;2017;7275.1
Cyprus;2018;7347.0
Czechia;2001;20098.0
Czechia;2002;19210.0
Czechia;2003;19670.0
Czechia;2004;19384.0
Czechia;2005;20455.0
Czechia;2006;20431.0
Czechia;2007;20447.0
Czechia;2008;20395.0
Czechia;2009;20071.0
Czechia;2010;20420.0
Czechia;2011;21010.0
Czechia;2012;20763.0
Czechia;2013;19357.4
Czechia;2014;20135.0
Czechia;2015;20200.0
Czechia;2016;20952.0
Czechia;2017;21685.0
Czechia;2018;21751.0
Democratic Republic of Congo;2001;2744.0
Democratic Republic of Congo;2002;2965.0
Democratic Republic of Congo;2003;2965.0
Democratic Republic of Congo;2004;2965.0
Democratic Republic of Congo;2005;2965.0
Democratic Republic of Congo;2006;2970.0
Democratic Republic of Congo;2007;2970.0
Democratic Republic of Congo;2008;2970.0
Democratic Republic of Congo;2009;2970.0
Democratic Republic of Congo;2010;2970.0
Democratic Republic of Congo;2011;2970.0
Democratic Republic of Congo;2012;2869.0
Democratic Republic of Congo;2013;2869.0
Democratic Republic of Congo;2014;2871.0
Democratic Republic of Congo;2015;2956.5
Democratic Republic of Congo;2016;3161.0
Democratic Republic of Congo;2017;3200.0
Democratic Republic of Congo;2018;3200.0
Denmark;2001;41573.0
Denmark;2002;32026.0
Denmark;2003;37772.0
Denmark;2004;42814.0
Denmark;2005;39012.0
Denmark;2006;37188.0
Denmark;2007;31168.0
Denmark;2008;36066.0
Denmark;2009;35130.4
Denmark;2010;36175.0
Denmark;2011;35918.0
Denmark;2012;34585.5
Denmark;2013;37707.2
Denmark;2014;34382.2
Denmark;2015;35866.7
Denmark;2016;36337.0
Denmark;2017;37498.0
Denmark;2018;36453.0
Dominica;2001;12.0
Dominica;2002;13.0
Dominica;2003;13.0
Dominica;2004;18.0
Dominica;2005;19.0
Dominica;2006;24.0
Dominica;2007;24.0
Dominica;2008;24.0
Dominica;2009;24.0
Dominica;2010;11.0
Dominica;2011;6.0
Dominica;2012;6.0
Dominica;2013;6.0
Dominica;2014;6.0
Dominica;2015;6.0
Dominica;2016;6.0
Dominica;2017;0.0
Dominica;2018;0.0
Dominican Republic;2001;2647.0
Dominican Republic;2002;3554.0
Dominican Republic;2003;1944.0
Dominican Republic;2004;2000.0
Dominican Republic;2005;980.0
Dominican Republic;2006;980.0
Dominican Republic;2007;1080.0
Dominican Republic;2008;1080.0
Dominican Republic;2009;1230.0
Dominican Republic;2010;1280.0
Dominican Republic;2011;2147.9
Dominican Republic;2012;1031.8
Dominican Republic;2013;1505.0
Dominican Republic;2014;2180.5
Dominican Republic;2015;2235.0
Dominican Republic;2016;1985.0
Dominican Republic;2017;2450.0
Dominican Republic;2018;2500.0
East Timor;2001;0.0
East Timor;2002;0.0
East Timor;2003;0.0
East Timor;2004;15.0
East Timor;2005;22.0
East Timor;2006;23.0
East Timor;2007;402.0
East Timor;2008;1052.0
East Timor;2009;1547.0
East Timor;2010;1554.0
East Timor;2011;1561.0
East Timor;2012;1568.0
East Timor;2013;1574.0
East Timor;2014;1580.0
East Timor;2015;1587.0
East Timor;2016;1595.0
East Timor;2017;1600.0
East Timor;2018;1610.0
Ecuador;2001;57587.0
Ecuador;2002;77636.0
Ecuador;2003;95278.0
Ecuador;2004;108673.0
Ecuador;2005;138562.0
Ecuador;2006;169588.0
Ecuador;2007;171020.0
Ecuador;2008;173222.0
Ecuador;2009;219463.0
Ecuador;2010;272720.8
Ecuador;2011;309702.0
Ecuador;2012;322655.0
Ecuador;2013;332382.0
Ecuador;2014;368457.0
Ecuador;2015;426660.4
Ecuador;2016;451339.9
Ecuador;2017;469755.0
Ecuador;2018;539755.0
Egypt;2001;342864.0
Egypt;2002;376296.0
Egypt;2003;445181.0
Egypt;2004;471535.0
Egypt;2005;539748.0
Egypt;2006;595030.0
Egypt;2007;635516.0
Egypt;2008;693815.0
Egypt;2009;705490.0
Egypt;2010;919585.0
Egypt;2011;986820.0
Egypt;2012;1017738.0
Egypt;2013;1097544.0
Egypt;2014;1137091.0
Egypt;2015;1174831.0
Egypt;2016;1370660.0
Egypt;2017;1451841.0
Egypt;2018;1561457.0
El Salvador;2001;395.0
El Salvador;2002;781.0
El Salvador;2003;1131.0
El Salvador;2004;2219.0
El Salvador;2005;2203.0
El Salvador;2006;3078.0
El Salvador;2007;3734.0
El Salvador;2008;3817.0
El Salvador;2009;4355.7
El Salvador;2010;4499.9
El Salvador;2011;4883.7
El Salvador;2012;5322.0
El Salvador;2013;3278.0
El Salvador;2014;1663.0
El Salvador;2015;6742.7
El Salvador;2016;7955.7
El Salvador;2017;8300.0
El Salvador;2018;8600.0
Estonia;2001;467.0
Estonia;2002;257.0
Estonia;2003;372.0
Estonia;2004;252.0
Estonia;2005;555.0
Estonia;2006;703.0
Estonia;2007;772.0
Estonia;2008;813.0
Estonia;2009;653.6
Estonia;2010;573.0
Estonia;2011;388.3
Estonia;2012;581.4
Estonia;2013;733.2
Estonia;2014;870.5
Estonia;2015;798.7
Estonia;2016;867.7
Estonia;2017;870.5
Estonia;2018;943.7
Eswatini;2001;72.0
Eswatini;2009;73.0
Eswatini;2010;209.0
Eswatini;2011;100.0
Eswatini;2012;100.0
Eswatini;2013;100.0
Eswatini;2014;100.0
Eswatini;2015;100.0
Eswatini;2016;100.0
Eswatini;2017;100.0
Eswatini;2018;100.0
Ethiopia;2001;15.0
Ethiopia;2002;15.0
Ethiopia;2003;15.0
Ethiopia;2004;25.0
Ethiopia;2005;25.0
Ethiopia;2006;25.0
Ethiopia;2007;25.0
Ethiopia;2008;25.0
Ethiopia;2009;25.0
Ethiopia;2010;25.0
Ethiopia;2011;25.0
Ethiopia;2012;38.0
Ethiopia;2013;45.3
Ethiopia;2014;85.5
Ethiopia;2015;90.5
Ethiopia;2016;95.0
Ethiopia;2017;126.0
Ethiopia;2018;165.0
Fiji;2001;4927.0
Fiji;2002;1206.0
Fiji;2003;394.0
Fiji;2004;561.5
Fiji;2005;561.5
Fiji;2006;1618.0
Fiji;2007;830.0
Fiji;2008;888.0
Fiji;2009;670.0
Fiji;2010;767.5
Fiji;2011;646.0
Fiji;2012;727.0
Fiji;2013;637.0
Fiji;2014;744.0
Fiji;2015;744.0
Fiji;2016;754.0
Fiji;2017;780.0
Fiji;2018;795.0
Finland;2001;15739.0
Finland;2002;15132.0
Finland;2003;12558.0
Finland;2004;12821.0
Finland;2005;14355.0
Finland;2006;12891.0
Finland;2007;13025.0
Finland;2008;13439.0
Finland;2009;13627.0
Finland;2010;11772.0
Finland;2011;11275.0
Finland;2012;12659.0
Finland;2013;13613.0
Finland;2014;13465.0
Finland;2015;14877.0
Finland;2016;14412.2
Finland;2017;14586.9
Finland;2018;14163.7
France;2001;251655.0
France;2002;251758.0
France;2003;239601.0
France;2004;242167.0
France;2005;244925.0
France;2006;237375.0
France;2007;237451.0
France;2008;238248.6
France;2009;234002.0
France;2010;203409.0
France;2011;194118.7
France;2012;205556.0
France;2013;200605.1
France;2014;180799.8
France;2015;163741.6
France;2016;165950.0
France;2017;178650.0
France;2018;185650.0
French Polynesia;2001;932.6
French Polynesia;2002;1343.8
French Polynesia;2003;2013.1
French Polynesia;2004;1900.8
French Polynesia;2005;2961.8
French Polynesia;2006;2483.1
French Polynesia;2007;2255.2
French Polynesia;2008;1945.7
French Polynesia;2009;1905.4
French Polynesia;2010;2184.4
French Polynesia;2011;2918.9
French Polynesia;2012;2654.6
French Polynesia;2013;2697.7
French Polynesia;2014;2086.6
French Polynesia;2015;1914.7
French Polynesia;2016;1343.0
French Polynesia;2017;1354.6
French Polynesia;2018;1355.0
Gabon;2001;102.0
Gabon;2002;83.0
Gabon;2003;80.0
Gabon;2004;80.0
Gabon;2005;78.0
Gabon;2006;126.0
Gabon;2007;124.0
Gabon;2008;124.0
Gabon;2009;126.0
Gabon;2010;130.0
Gabon;2011;130.0
Gabon;2012;48.0
Gabon;2013;46.0
Gabon;2014;45.0
Gabon;2015;45.0
Gabon;2016;45.0
Gabon;2017;45.0
Gabon;2018;45.0
Gambia;2001;5.0
Gambia;2002;5.0
Gambia;2003;5.0
Gambia;2004;5.0
Gambia;2005;5.0
Gambia;2006;75.0
Gambia;2007;25.0
Gambia;2008;25.0
Gambia;2009;25.0
Gambia;2010;25.0
Gambia;2011;33.0
Gambia;2012;33.0
Gambia;2013;33.0
Gambia;2014;35.0
Gambia;2015;35.0
Gambia;2016;35.0
Gambia;2017;35.0
Gambia;2018;35.0
Georgia;2001;80.0
Georgia;2002;52.0
Georgia;2003;56.0
Georgia;2004;72.0
Georgia;2005;107.0
Georgia;2006;150.0
Georgia;2007;180.0
Georgia;2008;422.0
Georgia;2009;705.0
Georgia;2010;850.0
Georgia;2011;1000.0
Georgia;2012;1155.0
Georgia;2013;1305.0
Georgia;2014;1495.0
Georgia;2015;1655.0
Georgia;2016;1805.0
Georgia;2017;2042.0
Georgia;2018;2381.5
Germany;2001;53409.0
Germany;2002;49852.0
Germany;2003;74280.0
Germany;2004;57233.0
Germany;2005;44685.0
Germany;2006;35379.0
Germany;2007;44994.0
Germany;2008;43977.0
Germany;2009;38907.0
Germany;2010;40694.0
Germany;2011;39141.0
Germany;2012;26360.0
Germany;2013;25289.0
Germany;2014;26032.0
Germany;2015;29909.0
Germany;2016;41801.0
Germany;2017;35979.0
Germany;2018;34196.0
Ghana;2001;6000.0
Ghana;2002;6000.0
Ghana;2003;938.0
Ghana;2004;950.0
Ghana;2005;1154.0
Ghana;2006;2270.0
Ghana;2007;3820.0
Ghana;2008;5594.0
Ghana;2009;7154.0
Ghana;2010;10200.0
Ghana;2011;19092.0
Ghana;2012;27450.0
Ghana;2013;32513.0
Ghana;2014;38545.0
Ghana;2015;44610.0
Ghana;2016;52480.0
Ghana;2017;57415.0
Ghana;2018;76630.0
Greece;2001;97512.0
Greece;2002;87928.0
Greece;2003;101434.0
Greece;2004;97143.0
Greece;2005;106208.0
Greece;2006;113384.0
Greece;2007;113297.0
Greece;2008;115068.0
Greece;2009;122011.0
Greece;2010;121244.0
Greece;2011;110809.1
Greece;2012;110973.5
Greece;2013;113999.9
Greece;2014;104663.0
Greece;2015;107161.8
Greece;2016;123707.1
Greece;2017;125524.7
Greece;2018;132392.2
Guatemala;2001;5100.0
Guatemala;2002;7978.0
Guatemala;2003;6346.0
Guatemala;2004;4908.0
Guatemala;2005;9008.0
Guatemala;2006;16293.0
Guatemala;2007;16400.0
Guatemala;2008;18727.0
Guatemala;2009;16623.0
Guatemala;2010;22792.2
Guatemala;2011;21468.0
Guatemala;2012;17743.0
Guatemala;2013;19762.0
Guatemala;2014;21395.0
Guatemala;2015;22247.6
Guatemala;2016;23448.9
Guatemala;2017;26360.0
Guatemala;2018;28317.0
Guyana;2001;608.0
Guyana;2002;608.0
Guyana;2003;608.0
Guyana;2004;608.0
Guyana;2005;608.0
Guyana;2006;660.0
Guyana;2007;660.0
Guyana;2008;292.0
Guyana;2009;511.0
Guyana;2010;487.6
Guyana;2011;263.1
Guyana;2012;261.2
Guyana;2013;220.6
Guyana;2014;367.5
Guyana;2015;417.6
Guyana;2016;336.7
Guyana;2017;696.3
Guyana;2018;306.8
Haiti;2001;12.0
Haiti;2002;12.0
Haiti;2003;12.0
Haiti;2004;32.0
Haiti;2005;32.0
Haiti;2006;32.0
Haiti;2007;162.0
Haiti;2008;162.0
Haiti;2009;225.0
Haiti;2010;360.0
Haiti;2011;600.0
Haiti;2012;720.0
Haiti;2013;800.0
Haiti;2014;1010.0
Haiti;2015;1220.0
Haiti;2016;1290.0
Haiti;2017;1400.0
Haiti;2018;1400.0
Honduras;2001;13386.0
Honduras;2002;16957.0
Honduras;2003;23547.0
Honduras;2004;27036.0
Honduras;2005;49249.0
Honduras;2006;55356.0
Honduras;2007;54689.0
Honduras;2008;47080.0
Honduras;2009;28858.0
Honduras;2010;27509.0
Honduras;2011;50295.0
Honduras;2012;52436.0
Honduras;2013;53100.0
Honduras;2014;61750.0
Honduras;2015;55100.0
Honduras;2016;54000.0
Honduras;2017;64500.0
Honduras;2018;65000.0
Hong Kong;2001;5627.0
Hong Kong;2002;4302.0
Hong Kong;2003;4857.0
Hong Kong;2004;4615.0
Hong Kong;2005;4130.0
Hong Kong;2006;4125.0
Hong Kong;2007;4514.0
Hong Kong;2008;4754.0
Hong Kong;2009;4819.0
Hong Kong;2010;4338.0
Hong Kong;2011;3438.0
Hong Kong;2012;4093.0
Hong Kong;2013;3764.0
Hong Kong;2014;3897.0
Hong Kong;2015;3894.0
Hong Kong;2016;4258.0
Hong Kong;2017;4172.0
Hong Kong;2018;4133.0
Hungary;2001;13056.0
Hungary;2002;11574.0
Hungary;2003;11870.0
Hungary;2004;12744.0
Hungary;2005;13661.0
Hungary;2006;14686.0
Hungary;2007;15864.0
Hungary;2008;15687.0
Hungary;2009;14825.0
Hungary;2010;14245.0
Hungary;2011;15584.0
Hungary;2012;15133.0
Hungary;2013;14918.0
Hungary;2014;15326.0
Hungary;2015;17337.0
Hungary;2016;16248.0
Hungary;2017;18257.5
Hungary;2018;17852.3
Iceland;2001;4371.0
Iceland;2002;3585.0
Iceland;2003;6214.0
Iceland;2004;8868.0
Iceland;2005;8256.0
Iceland;2006;8241.0
Iceland;2007;4823.0
Iceland;2008;5098.0
Iceland;2009;5165.0
Iceland;2010;5050.0
Iceland;2011;5308.5
Iceland;2012;7431.3
Iceland;2013;7053.0
Iceland;2014;8433.5
Iceland;2015;8382.6
Iceland;2016;15129.0
Iceland;2017;20858.7
Iceland;2018;19185.0
India;2001;2120634.0
India;2002;2189445.0
India;2003;2316947.0
India;2004;2804362.0
India;2005;2973126.0
India;2006;3182817.0
India;2007;3114762.0
India;2008;3855763.0
India;2009;3798842.0
India;2010;3790021.0
India;2011;3677584.0
India;2012;4213980.0
India;2013;4555209.0
India;2014;4893002.0
India;2015;5263002.0
India;2016;5702002.0
India;2017;6184869.0
India;2018;7071302.0
Indonesia;2001;1076749.0
Indonesia;2002;1137151.0
Indonesia;2003;1228559.0
Indonesia;2004;1468612.0
Indonesia;2005;2124093.0
Indonesia;2006;2479247.0
Indonesia;2007;3137376.0
Indonesia;2008;3854944.0
Indonesia;2009;4712846.5
Indonesia;2010;6277924.5
Indonesia;2011;7937071.5
Indonesia;2012;9599765.0
Indonesia;2013;13301408.0
Indonesia;2014;14375287.0
Indonesia;2015;15649311.0
Indonesia;2016;16002319.0
Indonesia;2017;16118238.0
Indonesia;2018;14772104.0
Iran;2001;62550.0
Iran;2002;76817.0
Iran;2003;91714.0
Iran;2004;104330.0
Iran;2005;111761.0
Iran;2006;129468.0
Iran;2007;158549.0
Iran;2008;154726.0
Iran;2009;179552.0
Iran;2010;220034.0
Iran;2011;247262.0
Iran;2012;296514.0
Iran;2013;325325.0
Iran;2014;320174.0
Iran;2015;346118.0
Iran;2016;398129.0
Iran;2017;412887.0
Iran;2018;439718.0
Iraq;2001;2000.0
Iraq;2002;2000.0
Iraq;2003;2000.0
Iraq;2004;13947.0
Iraq;2005;17941.0
Iraq;2006;14867.0
Iraq;2007;15810.0
Iraq;2008;19246.0
Iraq;2009;18732.0
Iraq;2010;20320.0
Iraq;2011;16290.0
Iraq;2012;25040.0
Iraq;2013;14060.0
Iraq;2014;26625.0
Iraq;2015;24803.0
Iraq;2016;28835.0
Iraq;2017;31814.0
Iraq;2018;25737.0
Ireland;2001;60940.0
Ireland;2002;62568.0
Ireland;2003;62516.0
Ireland;2004;58359.0
Ireland;2005;60050.0
Ireland;2006;53122.0
Ireland;2007;57104.0
Ireland;2008;44867.5
Ireland;2009;47511.7
Ireland;2010;46490.3
Ireland;2011;44266.3
Ireland;2012;36102.0
Ireland;2013;34198.2
Ireland;2014;31200.2
Ireland;2015;39650.0
Ireland;2016;40244.4
Ireland;2017;45433.1
Ireland;2018;36895.9
Israel;2001;21318.0
Israel;2002;22256.0
Israel;2003;20776.0
Israel;2004;22303.0
Israel;2005;22409.0
Israel;2006;22117.0
Israel;2007;21434.0
Israel;2008;20017.0
Israel;2009;19177.0
Israel;2010;19895.0
Israel;2011;20817.0
Israel;2012;20342.4
Israel;2013;22251.6
Israel;2014;20166.0
Israel;2015;19640.0
Israel;2016;18914.0
Israel;2017;16985.0
Israel;2018;17000.0
Italy;2001;218330.0
Italy;2002;184285.0
Italy;2003;191884.0
Italy;2004;118217.0
Italy;2005;181101.0
Italy;2006;172793.0
Italy;2007;179409.0
Italy;2008;149002.8
Italy;2009;162431.5
Italy;2010;153493.7
Italy;2011;164150.7
Italy;2012;137041.0
Italy;2013;140879.0
Italy;2014;148730.3
Italy;2015;148762.6
Italy;2016;157000.0
Italy;2017;157000.0
Italy;2018;143338.2
Jamaica;2001;4512.0
Jamaica;2002;6150.0
Jamaica;2003;2969.0
Jamaica;2004;4495.0
Jamaica;2005;5670.0
Jamaica;2006;8019.0
Jamaica;2007;5616.0
Jamaica;2008;5950.0
Jamaica;2009;5184.0
Jamaica;2010;3952.0
Jamaica;2011;1152.0
Jamaica;2012;651.1
Jamaica;2013;837.9
Jamaica;2014;876.0
Jamaica;2015;602.0
Jamaica;2016;947.0
Jamaica;2017;1342.0
Jamaica;2018;1615.6
Japan;2001;1311828.8
Japan;2002;1385099.1
Japan;2003;1301793.5
Japan;2004;1261003.2
Japan;2005;1254143.0
Japan;2006;1224189.5
Japan;2007;1284425.4
Japan;2008;1186721.9
Japan;2009;1243358.1
Japan;2010;1151101.4
Japan;2011;907971.6
Japan;2012;1073820.8
Japan;2013;1027951.5
Japan;2014;1021848.6
Japan;2015;1105651.6
Japan;2016;1068034.5
Japan;2017;1023192.2
Japan;2018;1032674.6
Jordan;2001;540.0
Jordan;2002;515.0
Jordan;2003;650.0
Jordan;2004;487.0
Jordan;2005;561.0
Jordan;2006;560.0
Jordan;2007;509.0
Jordan;2008;540.0
Jordan;2009;440.0
Jordan;2010;541.0
Jordan;2011;575.0
Jordan;2012;600.0
Jordan;2013;720.0
Jordan;2014;885.0
Jordan;2015;885.0
Jordan;2016;885.0
Jordan;2017;885.0
Jordan;2018;900.0
Kazakhstan;2001;309.0
Kazakhstan;2002;778.0
Kazakhstan;2003;820.0
Kazakhstan;2004;188.2
Kazakhstan;2005;123.0
Kazakhstan;2006;256.0
Kazakhstan;2007;170.0
Kazakhstan;2008;206.0
Kazakhstan;2009;303.0
Kazakhstan;2010;224.0
Kazakhstan;2011;858.0
Kazakhstan;2012;738.0
Kazakhstan;2013;811.0
Kazakhstan;2014;410.0
Kazakhstan;2015;730.4
Kazakhstan;2016;1878.0
Kazakhstan;2017;1563.0
Kazakhstan;2018;1600.0
Kenya;2001;1009.0
Kenya;2002;798.0
Kenya;2003;1012.0
Kenya;2004;1035.0
Kenya;2005;1047.0
Kenya;2006;1012.0
Kenya;2007;4240.0
Kenya;2008;4452.0
Kenya;2009;4895.0
Kenya;2010;12194.0
Kenya;2011;22295.0
Kenya;2012;21888.0
Kenya;2013;23901.0
Kenya;2014;24498.0
Kenya;2015;19058.0
Kenya;2016;15357.0
Kenya;2017;12760.0
Kenya;2018;15524.0
Kiribati;2001;9282.0
Kiribati;2002;4262.0
Kiribati;2003;3913.0
Kiribati;2004;3913.0
Kiribati;2005;5012.0
Kiribati;2006;8849.0
Kiribati;2007;1117.0
Kiribati;2008;1094.1
Kiribati;2009;1798.2
Kiribati;2010;4756.0
Kiribati;2011;4293.0
Kiribati;2012;8291.0
Kiribati;2013;2261.0
Kiribati;2014;3582.0
Kiribati;2015;3602.0
Kiribati;2016;3652.0
Kiribati;2017;3652.0
Kiribati;2018;3652.0
Kuwait;2001;195.0
Kuwait;2002;195.0
Kuwait;2003;366.0
Kuwait;2004;375.0
Kuwait;2005;327.0
Kuwait;2006;568.0
Kuwait;2007;348.0
Kuwait;2008;291.2
Kuwait;2009;272.0
Kuwait;2010;310.0
Kuwait;2011;319.0
Kuwait;2012;309.0
Kuwait;2013;303.0
Kuwait;2014;297.0
Kuwait;2015;262.0
Kuwait;2016;196.2
Kuwait;2017;195.0
Kuwait;2018;197.6
Kyrgyzstan;2001;144.0
Kyrgyzstan;2002;94.0
Kyrgyzstan;2003;12.0
Kyrgyzstan;2004;20.0
Kyrgyzstan;2005;20.0
Kyrgyzstan;2006;20.0
Kyrgyzstan;2007;107.0
Kyrgyzstan;2008;92.0
Kyrgyzstan;2009;133.0
Kyrgyzstan;2010;352.0
Kyrgyzstan;2011;394.5
Kyrgyzstan;2012;297.0
Kyrgyzstan;2013;300.0
Kyrgyzstan;2014;577.9
Kyrgyzstan;2015;1068.4
Kyrgyzstan;2016;1930.7
Kyrgyzstan;2017;2100.0
Kyrgyzstan;2018;2558.7
Laos;2001;50000.0
Laos;2002;59716.0
Laos;2003;64900.0
Laos;2004;64900.0
Laos;2005;60000.0
Laos;2006;60000.0
Laos;2007;63250.0
Laos;2008;64300.0
Laos;2009;75000.5
Laos;2010;82100.0
Laos;2011;95600.0
Laos;2012;101895.0
Laos;2013;108000.0
Laos;2014;108360.0
Laos;2015;95965.0
Laos;2016;100000.0
Laos;2017;104000.0
Laos;2018;108200.0
Latvia;2001;463.0
Latvia;2002;430.0
Latvia;2003;637.0
Latvia;2004;545.0
Latvia;2005;542.0
Latvia;2006;565.0
Latvia;2007;729.0
Latvia;2008;584.0
Latvia;2009;517.2
Latvia;2010;548.8
Latvia;2011;545.5
Latvia;2012;574.5
Latvia;2013;643.2
Latvia;2014;686.3
Latvia;2015;862.8
Latvia;2016;788.1
Latvia;2017;807.9
Latvia;2018;829.7
Lebanon;2001;300.0
Lebanon;2002;790.0
Lebanon;2003;795.0
Lebanon;2004;795.0
Lebanon;2005;813.0
Lebanon;2006;813.0
Lebanon;2007;818.0
Lebanon;2008;975.0
Lebanon;2009;1080.0
Lebanon;2010;1180.0
Lebanon;2011;1280.0
Lebanon;2012;1280.0
Lebanon;2013;1180.0
Lebanon;2014;1125.0
Lebanon;2015;1025.0
Lebanon;2016;1025.0
Lebanon;2017;1025.0
Lebanon;2018;1031.0
Lesotho;2001;8.0
Lesotho;2002;8.0
Lesotho;2003;4.0
Lesotho;2004;2.0
Lesotho;2005;1.0
Lesotho;2006;2.0
Lesotho;2007;131.0
Lesotho;2008;91.0
Lesotho;2009;107.6
Lesotho;2010;300.4
Lesotho;2011;300.4
Lesotho;2012;400.4
Lesotho;2013;500.4
Lesotho;2014;900.5
Lesotho;2015;1001.0
Lesotho;2016;1050.0
Lesotho;2017;1801.0
Lesotho;2018;2500.5
Liberia;2001;14.0
Liberia;2002;30.0
Liberia;2003;30.0
Liberia;2004;37.0
Liberia;2005;45.0
Liberia;2006;50.0
Liberia;2007;60.0
Liberia;2008;60.0
Liberia;2009;70.0
Liberia;2010;80.0
Liberia;2011;90.0
Liberia;2012;100.0
Liberia;2013;130.0
Liberia;2014;165.0
Liberia;2015;180.0
Liberia;2016;200.0
Liberia;2017;220.0
Liberia;2018;240.0
Lithuania;2001;2001.0
Lithuania;2002;1750.0
Lithuania;2003;2356.0
Lithuania;2004;2697.0
Lithuania;2005;2013.0
Lithuania;2006;2224.0
Lithuania;2007;3377.0
Lithuania;2008;3008.0
Lithuania;2009;3421.6
Lithuania;2010;3191.0
Lithuania;2011;3279.6
Lithuania;2012;3582.0
Lithuania;2013;4210.9
Lithuania;2014;3835.8
Lithuania;2015;4450.2
Lithuania;2016;4392.7
Lithuania;2017;3749.1
Lithuania;2018;3750.1
Madagascar;2001;8449.0
Madagascar;2002;10413.0
Madagascar;2003;10267.0
Madagascar;2004;9603.0
Madagascar;2005;10296.0
Madagascar;2006;16534.0
Madagascar;2007;14943.0
Madagascar;2008;14486.0
Madagascar;2009;9716.0
Madagascar;2010;10886.0
Madagascar;2011;10544.0
Madagascar;2012;9987.5
Madagascar;2013;12549.0
Madagascar;2014;15440.0
Madagascar;2015;22694.2
Madagascar;2016;25998.0
Madagascar;2017;28335.0
Madagascar;2018;12758.1
Malawi;2001;568.0
Malawi;2002;642.0
Malawi;2003;666.0
Malawi;2004;733.0
Malawi;2005;812.0
Malawi;2006;1500.0
Malawi;2007;1500.0
Malawi;2008;1700.0
Malawi;2009;1620.0
Malawi;2010;2631.0
Malawi;2011;2833.0
Malawi;2012;3232.0
Malawi;2013;3705.0
Malawi;2014;4741.6
Malawi;2015;4974.0
Malawi;2016;7646.4
Malawi;2017;12216.8
Malawi;2018;9014.0
Malaysia;2001;177021.0
Malaysia;2002;183990.0
Malaysia;2003;192160.0
Malaysia;2004;202218.0
Malaysia;2005;215834.0
Malaysia;2006;228317.0
Malaysia;2007;268508.0
Malaysia;2008;354579.0
Malaysia;2009;472502.3
Malaysia;2010;581242.9
Malaysia;2011;526692.5
Malaysia;2012;634875.9
Malaysia;2013;530701.8
Malaysia;2014;521014.5
Malaysia;2015;506965.2
Malaysia;2016;407887.1
Malaysia;2017;427515.5
Malaysia;2018;391977.5
Mali;2001;500.0
Mali;2002;1008.0
Mali;2003;1008.0
Mali;2004;1008.0
Mali;2005;1008.0
Mali;2006;1000.0
Mali;2007;640.0
Mali;2008;821.0
Mali;2009;1355.0
Mali;2010;2083.0
Mali;2011;2083.0
Mali;2012;987.0
Mali;2013;2205.2
Mali;2014;1953.0
Mali;2015;2400.0
Mali;2016;4194.0
Mali;2017;3914.0
Mali;2018;3926.0
Malta;2001;1235.0
Malta;2002;1116.0
Malta;2003;887.0
Malta;2004;868.0
Malta;2005;736.0
Malta;2006;1936.0
Malta;2007;2716.0
Malta;2008;2702.0
Malta;2009;2868.0
Malta;2010;2916.0
Malta;2011;2126.7
Malta;2012;4336.0
Malta;2013;5266.0
Malta;2014;4917.0
Malta;2015;5913.0
Malta;2016;6072.9
Malta;2017;7105.7
Malta;2018;10022.4
Mauritius;2001;59.0
Mauritius;2002;56.0
Mauritius;2003;33.0
Mauritius;2004;350.0
Mauritius;2005;400.0
Mauritius;2006;443.0
Mauritius;2007;175.0
Mauritius;2008;245.0
Mauritius;2009;437.4
Mauritius;2010;567.5
Mauritius;2011;537.3
Mauritius;2012;512.0
Mauritius;2013;397.3
Mauritius;2014;777.5
Mauritius;2015;776.0
Mauritius;2016;1021.3
Mauritius;2017;1253.5
Mauritius;2018;2069.6
Mexico;2001;76063.0
Mexico;2002;73670.0
Mexico;2003;84470.0
Mexico;2004;104348.0
Mexico;2005;133131.0
Mexico;2006;154451.0
Mexico;2007;140062.2
Mexico;2008;159309.0
Mexico;2009;156956.6
Mexico;2010;126238.0
Mexico;2011;137128.0
Mexico;2012;143746.6
Mexico;2013;111499.8
Mexico;2014;194229.8
Mexico;2015;211621.6
Mexico;2016;221327.5
Mexico;2017;243307.3
Mexico;2018;247222.4
Montenegro;2006;354.0
Montenegro;2007;361.0
Montenegro;2008;614.0
Montenegro;2009;565.0
Montenegro;2010;740.0
Montenegro;2011;840.0
Montenegro;2012;811.0
Montenegro;2013;811.0
Montenegro;2014;859.0
Montenegro;2015;813.0
Montenegro;2016;929.0
Montenegro;2017;1022.0
Montenegro;2018;1097.0
Morocco;2001;1403.0
Morocco;2002;1670.0
Morocco;2003;1538.0
Morocco;2004;1718.0
Morocco;2005;2257.0
Morocco;2006;1161.0
Morocco;2007;1636.0
Morocco;2008;579.0
Morocco;2009;657.0
Morocco;2010;742.1
Morocco;2011;617.0
Morocco;2012;692.5
Morocco;2013;988.0
Morocco;2014;1189.0
Morocco;2015;1050.0
Morocco;2016;1150.1
Morocco;2017;1270.0
Morocco;2018;1266.9
Mozambique;2001;0.0
Mozambique;2002;2247.0
Mozambique;2003;5639.0
Mozambique;2004;1366.0
Mozambique;2005;1782.0
Mozambique;2006;1198.0
Mozambique;2007;1528.0
Mozambique;2008;1392.0
Mozambique;2009;720.0
Mozambique;2010;864.0
Mozambique;2011;796.0
Mozambique;2012;604.0
Mozambique;2013;721.0
Mozambique;2014;1179.0
Mozambique;2015;1133.0
Mozambique;2016;1180.0
Mozambique;2017;1835.0
Mozambique;2018;127.0
Myanmar;2001;121266.0
Myanmar;2002;190120.0
Myanmar;2003;252010.0
Myanmar;2004;400360.0
Myanmar;2005;485220.0
Myanmar;2006;574990.0
Myanmar;2007;604660.0
Myanmar;2008;675064.0
Myanmar;2009;779296.4
Myanmar;2010;852791.0
Myanmar;2011;819156.4
Myanmar;2012;888369.0
Myanmar;2013;930780.0
Myanmar;2014;964255.8
Myanmar;2015;999630.0
Myanmar;2016;1017644.3
Myanmar;2017;1048863.2
Myanmar;2018;1131706.0
Namibia;2001;70.0
Namibia;2002;88.0
Namibia;2003;142.0
Namibia;2004;192.0
Namibia;2005;192.0
Namibia;2006;273.5
Namibia;2007;360.5
Namibia;2008;605.6
Namibia;2009;665.6
Namibia;2010;695.6
Namibia;2011;532.1
Namibia;2012;679.4
Namibia;2013;671.6
Namibia;2014;647.3
Namibia;2015;625.7
Namibia;2016;605.2
Namibia;2017;586.9
Namibia;2018;472.5
Nepal;2001;16570.0
Nepal;2002;17100.0
Nepal;2003;17680.0
Nepal;2004;20000.0
Nepal;2005;22480.0
Nepal;2006;25409.0
Nepal;2007;26679.0
Nepal;2008;27250.0
Nepal;2009;26730.0
Nepal;2010;28230.0
Nepal;2011;30950.0
Nepal;2012;34500.0
Nepal;2013;36020.0
Nepal;2014;43400.0
Nepal;2015;48000.0
Nepal;2016;49043.0
Nepal;2017;56157.1
Nepal;2018;59000.0
Netherlands;2001;57042.0
Netherlands;2002;54429.0
Netherlands;2003;66540.0
Netherlands;2004;78598.0
Netherlands;2005;71370.0
Netherlands;2006;45553.0
Netherlands;2007;56841.0
Netherlands;2008;46895.7
Netherlands;2009;55640.6
Netherlands;2010;67040.1
Netherlands;2011;43894.9
Netherlands;2012;46224.4
Netherlands;2013;46620.0
Netherlands;2014;63084.0
Netherlands;2015;62795.0
Netherlands;2016;62185.0
Netherlands;2017;52185.0
Netherlands;2018;52285.0
New Caledonia;2001;1893.0
New Caledonia;2002;1918.0
New Caledonia;2003;1784.0
New Caledonia;2004;2290.0
New Caledonia;2005;2533.0
New Caledonia;2006;2365.0
New Caledonia;2007;1923.0
New Caledonia;2008;2106.0
New Caledonia;2009;1923.0
New Caledonia;2010;1223.0
New Caledonia;2011;1564.0
New Caledonia;2012;1666.0
New Caledonia;2013;1596.0
New Caledonia;2014;1659.0
New Caledonia;2015;1256.0
New Caledonia;2016;1588.2
New Caledonia;2017;1458.5
New Caledonia;2018;1617.3
New Zealand;2001;76024.0
New Zealand;2002;86583.0
New Zealand;2003;84641.0
New Zealand;2004;92220.0
New Zealand;2005;105302.0
New Zealand;2006;107524.0
New Zealand;2007;111908.0
New Zealand;2008;112358.0
New Zealand;2009;104958.0
New Zealand;2010;110592.0
New Zealand;2011;117266.0
New Zealand;2012;100161.0
New Zealand;2013;97123.0
New Zealand;2014;109873.9
New Zealand;2015;91275.3
New Zealand;2016;109016.2
New Zealand;2017;116530.0
New Zealand;2018;104549.0
Nicaragua;2001;5750.0
Nicaragua;2002;6089.0
Nicaragua;2003;7005.0
Nicaragua;2004;7880.0
Nicaragua;2005;9983.0
Nicaragua;2006;11220.0
Nicaragua;2007;11533.0
Nicaragua;2008;16078.0
Nicaragua;2009;18943.0
Nicaragua;2010;16972.0
Nicaragua;2011;15766.0
Nicaragua;2012;24351.0
Nicaragua;2013;26406.9
Nicaragua;2014;30566.0
Nicaragua;2015;24536.0
Nicaragua;2016;21182.0
Nicaragua;2017;24899.0
Nicaragua;2018;29468.4
Nigeria;2001;24398.0
Nigeria;2002;30663.0
Nigeria;2003;30677.0
Nigeria;2004;43950.0
Nigeria;2005;56355.0
Nigeria;2006;84578.0
Nigeria;2007;85087.0
Nigeria;2008;143207.0
Nigeria;2009;152796.0
Nigeria;2010;200535.0
Nigeria;2011;221128.0
Nigeria;2012;253898.0
Nigeria;2013;278706.0
Nigeria;2014;313231.0
Nigeria;2015;316727.0
Nigeria;2016;306767.0
Nigeria;2017;296191.0
Nigeria;2018;291323.0
North Korea;2001;508095.0
North Korea;2002;508095.0
North Korea;2003;508095.0
North Korea;2004;508105.0
North Korea;2005;508175.0
North Korea;2006;508180.0
North Korea;2007;508250.0
North Korea;2008;508550.0
North Korea;2009;508660.0
North Korea;2010;509785.0
North Korea;2011;509800.0
North Korea;2012;510610.0
North Korea;2013;511675.0
North Korea;2014;556545.0
North Korea;2015;556750.0
North Korea;2016;619750.0
North Korea;2017;625060.0
North Korea;2018;629060.0
North Macedonia;2001;787.0
North Macedonia;2002;763.0
North Macedonia;2003;864.0
North Macedonia;2004;959.0
North Macedonia;2005;843.0
North Macedonia;2006;588.0
North Macedonia;2007;1041.0
North Macedonia;2008;1287.0
North Macedonia;2009;1540.0
North Macedonia;2010;1491.0
North Macedonia;2011;1368.0
North Macedonia;2012;1306.0
North Macedonia;2013;1340.0
North Macedonia;2014;1214.0
North Macedonia;2015;991.0
North Macedonia;2016;986.0
North Macedonia;2017;1508.4
North Macedonia;2018;1359.3
Norway;2001;510748.0
Norway;2002;551300.0
Norway;2003;584422.0
Norway;2004;636802.0
Norway;2005;661877.0
Norway;2006;712373.0
Norway;2007;841560.0
Norway;2008;848359.0
Norway;2009;961839.8
Norway;2010;1019801.9
Norway;2011;1143893.4
Norway;2012;1321119.1
Norway;2013;1247865.1
Norway;2014;1332497.0
Norway;2015;1380890.0
Norway;2016;1326216.2
Norway;2017;1308633.8
Norway;2018;1355116.9
Oman;2001;0.0
Oman;2002;0.0
Oman;2003;352.0
Oman;2004;515.4
Oman;2005;218.0
Oman;2006;114.0
Oman;2007;96.0
Oman;2008;121.0
Oman;2009;118.4
Oman;2010;127.0
Oman;2011;157.0
Oman;2012;168.0
Oman;2013;353.0
Oman;2014;282.4
Oman;2015;170.0
Oman;2016;103.0
Oman;2017;77.2
Oman;2018;451.5
Pakistan;2001;57632.0
Pakistan;2002;66970.0
Pakistan;2003;73047.0
Pakistan;2004;76653.0
Pakistan;2005;80622.0
Pakistan;2006;121826.0
Pakistan;2007;130092.0
Pakistan;2008;135098.0
Pakistan;2009;138099.0
Pakistan;2010;140101.0
Pakistan;2011;141935.0
Pakistan;2012;142832.0
Pakistan;2013;148120.0
Pakistan;2014;148381.0
Pakistan;2015;151174.0
Pakistan;2016;156430.0
Pakistan;2017;157469.0
Pakistan;2018;159083.0
Panama;2001;3127.0
Panama;2002;3638.0
Panama;2003;6228.0
Panama;2004;7048.0
Panama;2005;7778.0
Panama;2006;8764.0
Panama;2007;8943.0
Panama;2008;8354.0
Panama;2009;6609.4
Panama;2010;6597.5
Panama;2011;7588.2
Panama;2012;7773.6
Panama;2013;8635.2
Panama;2014;10635.0
Panama;2015;9550.3
Panama;2016;8807.4
Panama;2017;9900.4
Panama;2018;10445.4
Papua New Guinea;2001;210.0
Papua New Guinea;2002;286.0
Papua New Guinea;2003;296.0
Papua New Guinea;2004;431.0
Papua New Guinea;2005;491.0
Papua New Guinea;2006;691.0
Papua New Guinea;2007;841.0
Papua New Guinea;2008;1123.0
Papua New Guinea;2009;1372.0
Papua New Guinea;2010;1688.0
Papua New Guinea;2011;1871.0
Papua New Guinea;2012;3025.0
Papua New Guinea;2013;4125.0
Papua New Guinea;2014;4625.0
Papua New Guinea;2015;5735.0
Papua New Guinea;2016;5725.0
Papua New Guinea;2017;6001.1
Papua New Guinea;2018;6001.1
Paraguay;2001;570.0
Paraguay;2002;1000.0
Paraguay;2003;1300.0
Paraguay;2004;2100.0
Paraguay;2005;2120.0
Paraguay;2006;2250.0
Paraguay;2007;2350.0
Paraguay;2008;2450.0
Paraguay;2009;2600.0
Paraguay;2010;2957.4
Paraguay;2011;4929.1
Paraguay;2012;5400.0
Paraguay;2013;6450.0
Paraguay;2014;7500.0
Paraguay;2015;8481.0
Paraguay;2016;8500.0
Paraguay;2017;10781.0
Paraguay;2018;11536.0
Peru;2001;7551.0
Peru;2002;11532.0
Peru;2003;13621.0
Peru;2004;22114.0
Peru;2005;25981.0
Peru;2006;28393.0
Peru;2007;39531.0
Peru;2008;43120.0
Peru;2009;44317.0
Peru;2010;89021.0
Peru;2011;92200.4
Peru;2012;72292.9
Peru;2013;125692.9
Peru;2014;115271.4
Peru;2015;90976.5
Peru;2016;100187.1
Peru;2017;100458.4
Peru;2018;103598.1
Philippines;2001;1220456.0
Philippines;2002;1338394.0
Philippines;2003;1448504.0
Philippines;2004;1717028.0
Philippines;2005;1895848.0
Philippines;2006;2092274.0
Philippines;2007;2214785.0
Philippines;2008;2407698.0
Philippines;2009;2477392.5
Philippines;2010;2545967.0
Philippines;2011;2608120.0
Philippines;2012;2541965.0
Philippines;2013;2373386.0
Philippines;2014;2337605.0
Philippines;2015;2348159.0
Philippines;2016;2200912.2
Philippines;2017;2237787.0
Philippines;2018;2304360.8
Poland;2001;35460.0
Poland;2002;32709.0
Poland;2003;35436.0
Poland;2004;35131.0
Poland;2005;37920.0
Poland;2006;35867.0
Poland;2007;35628.0
Poland;2008;36813.0
Poland;2009;36503.0
Poland;2010;30751.0
Poland;2011;29037.0
Poland;2012;32261.0
Poland;2013;35208.1
Poland;2014;40109.7
Poland;2015;36971.0
Poland;2016;38300.0
Poland;2017;38799.8
Poland;2018;43361.3
Portugal;2001;8209.0
Portugal;2002;8288.0
Portugal;2003;8033.0
Portugal;2004;6700.0
Portugal;2005;6696.0
Portugal;2006;7894.0
Portugal;2007;7416.0
Portugal;2008;7352.0
Portugal;2009;6728.1
Portugal;2010;8224.6
Portugal;2011;9165.4
Portugal;2012;10317.8
Portugal;2013;10067.2
Portugal;2014;11338.9
Portugal;2015;9562.9
Portugal;2016;9787.2
Portugal;2017;12508.7
Portugal;2018;11814.3
Romania;2001;10818.0
Romania;2002;9248.0
Romania;2003;9042.0
Romania;2004;8137.0
Romania;2005;7284.0
Romania;2006;8088.0
Romania;2007;10312.0
Romania;2008;12532.0
Romania;2009;13131.0
Romania;2010;8981.3
Romania;2011;8353.3
Romania;2012;10004.0
Romania;2013;10146.0
Romania;2014;10680.0
Romania;2015;11041.7
Romania;2016;12574.0
Romania;2017;12798.2
Romania;2018;12298.5
Russia;2001;90449.0
Russia;2002;101483.0
Russia;2003;108751.0
Russia;2004;110018.0
Russia;2005;114997.0
Russia;2006;106343.0
Russia;2007;105803.0
Russia;2008;115680.0
Russia;2009;117310.0
Russia;2010;120998.0
Russia;2011;129651.0
Russia;2012;146455.0
Russia;2013;155540.0
Russia;2014;163600.0
Russia;2015;154050.0
Russia;2016;173981.0
Russia;2017;186544.0
Russia;2018;204032.0
Rwanda;2001;435.0
Rwanda;2002;612.0
Rwanda;2003;1027.0
Rwanda;2004;386.0
Rwanda;2005;34.2
Rwanda;2006;30.2
Rwanda;2007;60.2
Rwanda;2008;60.2
Rwanda;2009;60.3
Rwanda;2010;100.3
Rwanda;2011;265.3
Rwanda;2012;506.0
Rwanda;2013;1165.2
Rwanda;2014;1504.0
Rwanda;2015;1620.2
Rwanda;2016;1580.0
Rwanda;2017;3357.0
Rwanda;2018;5128.0
Saint Vincent and the Grenadines;2013;0.5
Saint Vincent and the Grenadines;2014;1.4
Saint Vincent and the Grenadines;2015;1.4
Saint Vincent and the Grenadines;2016;1.4
Saint Vincent and the Grenadines;2017;1.1
Saint Vincent and the Grenadines;2018;2.0
Samoa;2001;0.0
Samoa;2002;0.0
Samoa;2003;0.0
Samoa;2004;0.0
Samoa;2005;0.0
Samoa;2006;0.0
Samoa;2007;3.0
Samoa;2008;3.0
Samoa;2009;5.0
Samoa;2010;5.0
Samoa;2011;5.0
Samoa;2012;4.6
Samoa;2013;3.7
Samoa;2014;5.6
Samoa;2015;13.3
Samoa;2016;10.0
Samoa;2017;10.1
Samoa;2018;12.9
Saudi Arabia;2001;8218.0
Saudi Arabia;2002;6744.0
Saudi Arabia;2003;11824.0
Saudi Arabia;2004;11172.0
Saudi Arabia;2005;14375.0
Saudi Arabia;2006;15586.0
Saudi Arabia;2007;18410.4
Saudi Arabia;2008;22340.0
Saudi Arabia;2009;26441.8
Saudi Arabia;2010;26374.0
Saudi Arabia;2011;16076.0
Saudi Arabia;2012;12737.0
Saudi Arabia;2013;9266.0
Saudi Arabia;2014;23880.0
Saudi Arabia;2015;30000.0
Saudi Arabia;2016;39920.0
Saudi Arabia;2017;55000.0
Saudi Arabia;2018;72000.0
Senegal;2001;105.0
Senegal;2002;109.0
Senegal;2003;98.0
Senegal;2004;52.0
Senegal;2005;54.0
Senegal;2006;45.0
Senegal;2007;45.0
Senegal;2008;54.0
Senegal;2009;71.0
Senegal;2010;79.6
Senegal;2011;334.7
Senegal;2012;399.3
Senegal;2013;706.8
Senegal;2014;1012.0
Senegal;2015;1212.5
Senegal;2016;2078.8
Senegal;2017;1010.7
Senegal;2018;1108.0
Serbia;2006;5013.0
Serbia;2007;6608.8
Serbia;2008;7533.7
Serbia;2009;7440.4
Serbia;2010;8195.3
Serbia;2011;7628.9
Serbia;2012;7661.2
Serbia;2013;5935.5
Serbia;2014;7168.4
Serbia;2015;7387.0
Serbia;2016;6877.7
Serbia;2017;5069.6
Serbia;2018;7338.7
Sierra Leone;2001;30.0
Sierra Leone;2002;30.0
Sierra Leone;2003;30.0
Sierra Leone;2004;30.0
Sierra Leone;2005;30.0
Sierra Leone;2006;30.0
Sierra Leone;2007;50.0
Sierra Leone;2008;50.0
Sierra Leone;2009;75.0
Sierra Leone;2010;75.0
Sierra Leone;2011;75.0
Sierra Leone;2012;75.0
Sierra Leone;2013;75.0
Sierra Leone;2014;75.0
Sierra Leone;2015;85.0
Sierra Leone;2016;85.0
Sierra Leone;2017;85.0
Sierra Leone;2018;85.0
Slovakia;2001;999.0
Slovakia;2002;829.0
Slovakia;2003;881.0
Slovakia;2004;1180.0
Slovakia;2005;955.0
Slovakia;2006;1263.0
Slovakia;2007;1199.0
Slovakia;2008;1071.0
Slovakia;2009;834.9
Slovakia;2010;702.4
Slovakia;2011;834.5
Slovakia;2012;1310.6
Slovakia;2013;1106.2
Slovakia;2014;1230.7
Slovakia;2015;1308.6
Slovakia;2016;2168.7
Slovakia;2017;2646.3
Slovakia;2018;2224.4
Slovenia;2001;1262.0
Slovenia;2002;1289.0
Slovenia;2003;1353.0
Slovenia;2004;1571.0
Slovenia;2005;1346.0
Slovenia;2006;1369.0
Slovenia;2007;1352.0
Slovenia;2008;1315.0
Slovenia;2009;1306.6
Slovenia;2010;778.4
Slovenia;2011;1396.6
Slovenia;2012;1154.3
Slovenia;2013;1225.7
Slovenia;2014;1396.3
Slovenia;2015;1607.2
Slovenia;2016;1843.7
Slovenia;2017;1730.1
Slovenia;2018;1918.5
Solomon Islands;2001;15.0
Solomon Islands;2002;6.0
Solomon Islands;2003;400.0
Solomon Islands;2004;1711.2
Solomon Islands;2005;2608.8
Solomon Islands;2006;1353.6
Solomon Islands;2007;866.6
Solomon Islands;2008;1160.2
Solomon Islands;2009;4029.8
Solomon Islands;2010;7105.0
Solomon Islands;2011;7218.6
Solomon Islands;2012;6992.4
Solomon Islands;2013;11814.0
Solomon Islands;2014;12164.4
Solomon Islands;2015;12202.0
Solomon Islands;2016;10582.0
Solomon Islands;2017;4780.5
Solomon Islands;2018;5520.2
South Africa;2001;2830.0
South Africa;2002;4105.0
South Africa;2003;6602.0
South Africa;2004;5954.0
South Africa;2005;5895.0
South Africa;2006;6037.0
South Africa;2007;5669.0
South Africa;2008;5421.0
South Africa;2009;4982.0
South Africa;2010;5147.6
South Africa;2011;5343.3
South Africa;2012;5926.5
South Africa;2013;6613.0
South Africa;2014;7222.0
South Africa;2015;6730.4
South Africa;2016;8094.3
South Africa;2017;6338.3
South Africa;2018;7868.4
South Korea;2001;668022.0
South Korea;2002;794340.0
South Korea;2003;839845.0
South Korea;2004;952856.0
South Korea;2005;1057725.0
South Korea;2006;1279163.0
South Korea;2007;1399075.0
South Korea;2008;1394818.0
South Korea;2009;1331719.0
South Korea;2010;1377233.0
South Korea;2011;1499335.0
South Korea;2012;1509226.0
South Korea;2013;1533446.0
South Korea;2014;1567442.0
South Korea;2015;1676485.0
South Korea;2016;1859220.0
South Korea;2017;2334719.0
South Korea;2018;2278850.0
Spain;2001;309091.0
Spain;2002;254949.0
Spain;2003;268279.0
Spain;2004;293839.0
Spain;2005;219335.0
Spain;2006;292829.2
Spain;2007;281729.4
Spain;2008;249714.5
Spain;2009;266668.8
Spain;2010;252352.2
Spain;2011;271962.9
Spain;2012;264163.0
Spain;2013;223710.0
Spain;2014;282241.5
Spain;2015;289821.2
Spain;2016;283830.9
Spain;2017;311031.6
Spain;2018;347824.7
Sri Lanka;2001;3610.0
Sri Lanka;2002;2651.0
Sri Lanka;2003;3462.0
Sri Lanka;2004;4003.0
Sri Lanka;2005;4304.0
Sri Lanka;2006;5652.0
Sri Lanka;2007;8233.0
Sri Lanka;2008;7474.0
Sri Lanka;2009;7548.7
Sri Lanka;2010;8058.1
Sri Lanka;2011;11912.2
Sri Lanka;2012;8839.8
Sri Lanka;2013;30881.3
Sri Lanka;2014;34220.3
Sri Lanka;2015;36037.8
Sri Lanka;2016;30974.2
Sri Lanka;2017;28756.2
Sri Lanka;2018;30921.5
Sudan;2001;1000.0
Sudan;2002;1600.0
Sudan;2003;1600.0
Sudan;2004;1600.0
Sudan;2005;1600.0
Sudan;2006;1600.0
Sudan;2007;1950.0
Sudan;2008;1800.0
Sudan;2009;2000.0
Sudan;2010;2000.0
Sudan;2011;2000.0
Sudan;2012;7500.0
Sudan;2013;6500.0
Sudan;2014;6000.0
Sudan;2015;7000.0
Sudan;2016;6000.0
Sudan;2017;9000.0
Sudan;2018;10000.0
Suriname;2001;422.0
Suriname;2002;422.0
Suriname;2003;260.0
Suriname;2004;288.0
Suriname;2005;242.0
Suriname;2006;180.0
Suriname;2007;118.3
Suriname;2008;74.4
Suriname;2009;41.2
Suriname;2010;71.1
Suriname;2011;96.0
Suriname;2012;74.2
Suriname;2013;78.7
Suriname;2014;82.8
Suriname;2015;122.2
Suriname;2016;102.1
Suriname;2017;110.0
Suriname;2018;110.0
Sweden;2001;6773.0
Sweden;2002;5618.0
Sweden;2003;6334.0
Sweden;2004;5989.0
Sweden;2005;5880.0
Sweden;2006;7549.0
Sweden;2007;5365.0
Sweden;2008;7595.0
Sweden;2009;8540.0
Sweden;2010;10644.0
Sweden;2011;13441.0
Sweden;2012;13757.0
Sweden;2013;13366.0
Sweden;2014;12899.0
Sweden;2015;12020.0
Sweden;2016;15747.0
Sweden;2017;14793.0
Sweden;2018;11672.0
Switzerland;2001;1135.0
Switzerland;2002;1135.0
Switzerland;2003;1100.0
Switzerland;2004;1205.0
Switzerland;2005;1214.0
Switzerland;2006;1214.0
Switzerland;2007;1216.0
Switzerland;2008;1216.0
Switzerland;2009;1249.0
Switzerland;2010;1261.0
Switzerland;2011;1466.0
Switzerland;2012;1471.0
Switzerland;2013;1593.0
Switzerland;2014;1593.0
Switzerland;2015;1593.0
Switzerland;2016;1733.0
Switzerland;2017;1733.0
Switzerland;2018;1743.0
Tanzania;2001;1300.0
Tanzania;2002;2630.0
Tanzania;2003;2002.0
Tanzania;2004;3013.0
Tanzania;2005;3012.0
Tanzania;2006;3272.0
Tanzania;2007;4045.0
Tanzania;2008;5217.0
Tanzania;2009;5722.0
Tanzania;2010;7338.5
Tanzania;2011;7248.8
Tanzania;2012;9917.4
Tanzania;2013;10166.1
Tanzania;2014;10317.2
Tanzania;2015;10742.2
Tanzania;2016;12547.4
Tanzania;2017;19602.0
Tanzania;2018;16852.2
Thailand;2001;814121.0
Thailand;2002;954608.0
Thailand;2003;1064406.0
Thailand;2004;1259984.0
Thailand;2005;1304232.0
Thailand;2006;1354297.0
Thailand;2007;1370456.0
Thailand;2008;1330861.0
Thailand;2009;1416668.0
Thailand;2010;1286122.0
Thailand;2011;1201455.4
Thailand;2012;1272100.0
Thailand;2013;997517.0
Thailand;2014;897864.9
Thailand;2015;920323.0
Thailand;2016;962673.0
Thailand;2017;893974.0
Thailand;2018;890864.0
Togo;2001;20.0
Togo;2002;30.0
Togo;2003;30.0
Togo;2004;35.0
Togo;2005;50.0
Togo;2006;50.0
Togo;2007;50.0
Togo;2008;107.0
Togo;2009;107.0
Togo;2010;100.0
Togo;2011;20.0
Togo;2012;20.0
Togo;2013;23.0
Togo;2014;25.0
Togo;2015;58.0
Togo;2016;98.0
Togo;2017;132.0
Togo;2018;290.0
Trinidad and Tobago;2001;7.0
Trinidad and Tobago;2002;7.0
Trinidad and Tobago;2003;7.0
Trinidad and Tobago;2004;25.5
Trinidad and Tobago;2005;25.5
Trinidad and Tobago;2006;25.5
Trinidad and Tobago;2007;19.3
Trinidad and Tobago;2008;12.7
Trinidad and Tobago;2009;27.4
Trinidad and Tobago;2010;13.5
Trinidad and Tobago;2011;5.8
Trinidad and Tobago;2012;6.6
Trinidad and Tobago;2013;7.6
Trinidad and Tobago;2014;5.4
Trinidad and Tobago;2015;23.8
Trinidad and Tobago;2016;11.1
Trinidad and Tobago;2017;7.4
Trinidad and Tobago;2018;7.4
Tunisia;2001;1868.0
Tunisia;2002;1980.0
Tunisia;2003;2086.0
Tunisia;2004;2308.0
Tunisia;2005;2603.0
Tunisia;2006;2855.0
Tunisia;2007;3581.0
Tunisia;2008;3561.0
Tunisia;2009;4907.0
Tunisia;2010;5424.0
Tunisia;2011;8126.0
Tunisia;2012;8577.0
Tunisia;2013;12184.0
Tunisia;2014;11279.0
Tunisia;2015;14425.0
Tunisia;2016;16183.0
Tunisia;2017;21930.0
Tunisia;2018;21826.2
Turkey;2001;67244.0
Turkey;2002;61165.0
Turkey;2003;79943.0
Turkey;2004;94450.0
Turkey;2005;119567.0
Turkey;2006;129333.0
Turkey;2007;140743.0
Turkey;2008;152896.0
Turkey;2009;159639.0
Turkey;2010;167721.0
Turkey;2011;188890.0
Turkey;2012;212805.0
Turkey;2013;233863.6
Turkey;2014;234302.0
Turkey;2015;238964.0
Turkey;2016;250331.0
Turkey;2017;273477.0
Turkey;2018;311681.0
Turkmenistan;2001;43.0
Turkmenistan;2002;38.0
Turkmenistan;2003;24.0
Turkmenistan;2004;16.0
Turkmenistan;2005;26.0
Turkmenistan;2006;26.0
Turkmenistan;2007;26.0
Turkmenistan;2008;26.0
Turkmenistan;2009;26.0
Turkmenistan;2010;26.0
Turkmenistan;2011;26.0
Turkmenistan;2012;26.0
Turkmenistan;2013;30.0
Turkmenistan;2014;30.0
Turkmenistan;2015;30.0
Turkmenistan;2016;55.0
Turkmenistan;2017;60.0
Turkmenistan;2018;70.0
Ukraine;2001;31037.0
Ukraine;2002;30869.8
Ukraine;2003;25615.1
Ukraine;2004;26350.2
Ukraine;2005;28854.0
Ukraine;2006;19181.0
Ukraine;2007;27965.0
Ukraine;2008;24337.0
Ukraine;2009;24082.5
Ukraine;2010;22864.9
Ukraine;2011;23553.2
Ukraine;2012;23719.9
Ukraine;2013;23174.6
Ukraine;2014;24434.0
Ukraine;2015;22241.3
Ukraine;2016;21424.6
Ukraine;2017;20168.2
Ukraine;2018;18595.4
United Arab Emirates;2001;0.0
United Arab Emirates;2002;0.0
United Arab Emirates;2003;2300.0
United Arab Emirates;2004;570.0
United Arab Emirates;2005;590.0
United Arab Emirates;2006;610.0
United Arab Emirates;2007;644.0
United Arab Emirates;2008;1343.0
United Arab Emirates;2009;130.0
United Arab Emirates;2010;198.0
United Arab Emirates;2011;415.0
United Arab Emirates;2012;420.0
United Arab Emirates;2013;780.0
United Arab Emirates;2014;788.0
United Arab Emirates;2015;790.0
United Arab Emirates;2016;2684.9
United Arab Emirates;2017;3255.0
United Arab Emirates;2018;3350.0
United Kingdom;2001;170516.0
United Kingdom;2002;179036.0
United Kingdom;2003;181838.0
United Kingdom;2004;207203.0
United Kingdom;2005;172813.0
United Kingdom;2006;171848.0
United Kingdom;2007;174200.0
United Kingdom;2008;175702.0
United Kingdom;2009;196597.8
United Kingdom;2010;201363.8
United Kingdom;2011;198967.6
United Kingdom;2012;205594.7
United Kingdom;2013;203263.0
United Kingdom;2014;214707.3
United Kingdom;2015;211749.4
United Kingdom;2016;194492.2
United Kingdom;2017;222611.1
United Kingdom;2018;197618.0
United States;2001;480362.0
United States;2002;498899.0
United States;2003;545971.0
United States;2004;607570.0
United States;2005;513920.0
United States;2006;519967.0
United States;2007;526045.0
United States;2008;501326.0
United States;2009;481224.0
United States;2010;496699.0
United States;2011;397292.0
United States;2012;420386.0
United States;2013;429011.0
United States;2014;421189.0
United States;2015;426002.0
United States;2016;444679.0
United States;2017;439670.0
United States;2018;468185.0
Uruguay;2001;17.0
Uruguay;2002;17.0
Uruguay;2003;24.0
Uruguay;2004;22.0
Uruguay;2005;49.0
Uruguay;2006;37.0
Uruguay;2007;31.0
Uruguay;2008;36.0
Uruguay;2009;54.4
Uruguay;2010;85.0
Uruguay;2011;77.8
Uruguay;2012;91.2
Uruguay;2013;217.9
Uruguay;2014;215.0
Uruguay;2015;203.8
Uruguay;2016;69.7
Uruguay;2017;60.0
Uruguay;2018;101.8
Uzbekistan;2001;3988.0
Uzbekistan;2002;3824.0
Uzbekistan;2003;3118.0
Uzbekistan;2004;3093.0
Uzbekistan;2005;3800.0
Uzbekistan;2006;3800.0
Uzbekistan;2007;4000.0
Uzbekistan;2008;4100.0
Uzbekistan;2009;5162.0
Uzbekistan;2010;6654.0
Uzbekistan;2011;8722.3
Uzbekistan;2012;14832.9
Uzbekistan;2013;23835.2
Uzbekistan;2014;29275.8
Uzbekistan;2015;36896.4
Uzbekistan;2016;38054.7
Uzbekistan;2017;52450.0
Uzbekistan;2018;57384.0
Vanuatu;2001;0.0
Vanuatu;2002;0.0
Vanuatu;2003;0.0
Vanuatu;2004;1.0
Vanuatu;2005;1.0
Vanuatu;2006;114.0
Vanuatu;2007;31.0
Vanuatu;2008;40.0
Vanuatu;2009;36.8
Vanuatu;2010;104.5
Vanuatu;2011;57.0
Vanuatu;2012;60.4
Vanuatu;2013;80.8
Vanuatu;2014;79.7
Vanuatu;2015;11.5
Vanuatu;2016;15.7
Vanuatu;2017;17.0
Vanuatu;2018;6.2
Venezuela;2001;16647.0
Venezuela;2002;18020.0
Venezuela;2003;15705.0
Venezuela;2004;24006.0
Venezuela;2005;19228.0
Venezuela;2006;23355.5
Venezuela;2007;19951.3
Venezuela;2008;18762.6
Venezuela;2009;14844.0
Venezuela;2010;18225.3
Venezuela;2011;23954.2
Venezuela;2012;26115.2
Venezuela;2013;26830.0
Venezuela;2014;30725.7
Venezuela;2015;18911.4
Venezuela;2016;25998.0
Venezuela;2017;29000.0
Venezuela;2018;29000.0
Vietnam;2001;603098.0
Vietnam;2002;718041.0
Vietnam;2003;952502.0
Vietnam;2004;1213617.0
Vietnam;2005;1452300.0
Vietnam;2006;1672727.0
Vietnam;2007;2100400.0
Vietnam;2008;2477450.0
Vietnam;2009;2571080.0
Vietnam;2010;2701317.0
Vietnam;2011;2860990.0
Vietnam;2012;3104501.0
Vietnam;2013;3221095.0
Vietnam;2014;3355234.0
Vietnam;2015;3475449.8
Vietnam;2016;3581579.0
Vietnam;2017;3831777.0
Vietnam;2018;4153322.5
Yemen;2001;0.0
Yemen;2002;0.0
Yemen;2003;0.0
Yemen;2004;0.0
Yemen;2005;380.0
Yemen;2006;300.0
Yemen;2007;300.0
Yemen;2008;150.0
Yemen;2009;150.0
Yemen;2010;150.0
Yemen;2011;150.0
Yemen;2012;100.0
Yemen;2014;0.0
Yemen;2015;0.0
Yemen;2016;0.0
Yemen;2017;0.0
Yemen;2018;0.0
