Entity;Year;Prevalence of undernourishment (% of population)
Afghanistan;2001;47.8
Afghanistan;2002;45.6
Afghanistan;2003;40.6
Afghanistan;2004;38.0
Afghanistan;2005;36.1
Afghanistan;2006;33.3
Afghanistan;2007;29.8
Afghanistan;2008;26.5
Afghanistan;2009;23.3
Afghanistan;2010;21.2
Afghanistan;2011;20.2
Afghanistan;2012;21.1
Afghanistan;2013;20.7
Afghanistan;2014;20.7
Afghanistan;2015;21.5
Afghanistan;2016;22.2
Afghanistan;2017;23.0
Afghanistan;2018;24.0
Albania;2001;4.9
Albania;2002;6.1
Albania;2003;7.5
Albania;2004;8.6
Albania;2005;8.9
Albania;2006;8.8
Albania;2007;8.3
Albania;2008;7.3
Albania;2009;6.3
Albania;2010;5.8
Albania;2011;5.4
Albania;2012;5.1
Albania;2013;5.0
Albania;2014;5.0
Albania;2015;4.9
Albania;2016;4.7
Albania;2017;4.7
Albania;2018;4.6
Algeria;2001;8.0
Algeria;2002;7.3
Algeria;2003;7.0
Algeria;2004;7.0
Algeria;2005;6.7
Algeria;2006;6.4
Algeria;2007;5.9
Algeria;2008;5.6
Algeria;2009;5.1
Algeria;2010;4.3
Algeria;2011;3.8
Algeria;2012;3.2
Algeria;2013;3.0
Algeria;2014;2.9
Algeria;2015;2.8
Algeria;2016;2.8
Algeria;2017;2.7
Algeria;2018;2.5
Angola;2001;67.5
Angola;2002;63.2
Angola;2003;58.7
Angola;2004;55.1
Angola;2005;52.2
Angola;2006;49.3
Angola;2007;46.1
Angola;2008;42.9
Angola;2009;33.1
Angola;2010;23.9
Angola;2011;16.4
Angola;2012;15.1
Angola;2013;14.3
Angola;2014;13.7
Angola;2015;14.5
Angola;2016;15.4
Angola;2017;15.4
Angola;2018;15.7
Argentina;2001;3.0
Argentina;2002;3.8
Argentina;2003;4.5
Argentina;2004;4.0
Argentina;2005;3.7
Argentina;2006;3.4
Argentina;2007;3.3
Argentina;2008;3.3
Argentina;2009;3.2
Argentina;2010;3.1
Argentina;2011;2.9
Argentina;2012;2.8
Argentina;2013;2.6
Argentina;2014;2.5
Argentina;2015;2.5
Argentina;2016;2.6
Argentina;2017;3.1
Argentina;2018;3.4
Armenia;2001;26.1
Armenia;2002;24.5
Armenia;2003;21.1
Armenia;2004;16.0
Armenia;2005;12.3
Armenia;2006;9.3
Armenia;2007;6.9
Armenia;2008;5.6
Armenia;2009;4.4
Armenia;2010;3.7
Armenia;2011;3.4
Armenia;2012;3.2
Armenia;2013;3.2
Armenia;2014;2.8
Armenia;2015;2.8
Armenia;2016;2.7
Armenia;2017;2.8
Armenia;2018;2.9
Australia;2001;2.5
Australia;2002;2.5
Australia;2003;2.5
Australia;2004;2.5
Australia;2005;2.5
Australia;2006;2.5
Australia;2007;2.5
Australia;2008;2.5
Australia;2009;2.5
Australia;2010;2.5
Australia;2011;2.5
Australia;2012;2.5
Australia;2013;2.5
Australia;2014;2.5
Australia;2015;2.5
Australia;2016;2.5
Australia;2017;2.5
Australia;2018;2.5
Austria;2001;2.5
Austria;2002;2.5
Austria;2003;2.5
Austria;2004;2.5
Austria;2005;2.5
Austria;2006;2.5
Austria;2007;2.5
Austria;2008;2.5
Austria;2009;2.5
Austria;2010;2.5
Austria;2011;2.5
Austria;2012;2.5
Austria;2013;2.5
Austria;2014;2.5
Austria;2015;2.5
Austria;2016;2.5
Austria;2017;2.5
Austria;2018;2.5
Azerbaijan;2001;17.0
Azerbaijan;2002;13.4
Azerbaijan;2003;10.4
Azerbaijan;2004;7.4
Azerbaijan;2005;4.8
Azerbaijan;2006;2.8
Azerbaijan;2007;2.5
Azerbaijan;2008;2.5
Azerbaijan;2009;2.5
Azerbaijan;2010;2.5
Azerbaijan;2011;2.5
Azerbaijan;2012;2.5
Azerbaijan;2013;2.5
Azerbaijan;2014;2.5
Azerbaijan;2015;2.5
Azerbaijan;2016;2.5
Azerbaijan;2017;2.5
Azerbaijan;2018;2.5
Bangladesh;2001;15.9
Bangladesh;2002;15.1
Bangladesh;2003;14.9
Bangladesh;2004;14.4
Bangladesh;2005;14.2
Bangladesh;2006;13.8
Bangladesh;2007;13.9
Bangladesh;2008;13.6
Bangladesh;2009;14.8
Bangladesh;2010;15.2
Bangladesh;2011;15.8
Bangladesh;2012;15.3
Bangladesh;2013;15.0
Bangladesh;2014;14.1
Bangladesh;2015;14.0
Bangladesh;2016;13.3
Bangladesh;2017;12.5
Bangladesh;2018;11.5
Barbados;2001;6.4
Barbados;2002;6.2
Barbados;2003;6.7
Barbados;2004;6.2
Barbados;2005;6.1
Barbados;2006;5.3
Barbados;2007;5.3
Barbados;2008;4.9
Barbados;2009;4.5
Barbados;2010;4.3
Barbados;2011;4.2
Barbados;2012;4.4
Barbados;2013;4.4
Barbados;2014;4.4
Barbados;2015;4.3
Barbados;2016;4.4
Barbados;2017;4.3
Barbados;2018;4.1
Belarus;2001;2.5
Belarus;2002;2.7
Belarus;2003;3.3
Belarus;2004;3.3
Belarus;2005;2.5
Belarus;2006;2.5
Belarus;2007;2.5
Belarus;2008;2.5
Belarus;2009;2.5
Belarus;2010;2.5
Belarus;2011;2.5
Belarus;2012;2.5
Belarus;2013;2.5
Belarus;2014;2.5
Belarus;2015;2.5
Belarus;2016;2.5
Belarus;2017;2.5
Belarus;2018;2.5
Belgium;2001;2.5
Belgium;2002;2.5
Belgium;2003;2.5
Belgium;2004;2.5
Belgium;2005;2.5
Belgium;2006;2.5
Belgium;2007;2.5
Belgium;2008;2.5
Belgium;2009;2.5
Belgium;2010;2.5
Belgium;2011;2.5
Belgium;2012;2.5
Belgium;2013;2.5
Belgium;2014;2.5
Belgium;2015;2.5
Belgium;2016;2.5
Belgium;2017;2.5
Belgium;2018;2.5
Belize;2001;5.8
Belize;2002;5.4
Belize;2003;5.5
Belize;2004;5.5
Belize;2005;5.7
Belize;2006;5.8
Belize;2007;6.6
Belize;2008;7.1
Belize;2009;6.9
Belize;2010;6.5
Belize;2011;6.4
Belize;2012;6.8
Belize;2013;7.4
Belize;2014;7.7
Belize;2015;7.8
Belize;2016;7.2
Belize;2017;7.0
Belize;2018;6.7
Benin;2001;17.2
Benin;2002;15.5
Benin;2003;13.7
Benin;2004;13.2
Benin;2005;12.0
Benin;2006;11.0
Benin;2007;10.1
Benin;2008;9.0
Benin;2009;8.8
Benin;2010;8.2
Benin;2011;7.9
Benin;2012;7.6
Benin;2013;7.5
Benin;2014;7.4
Benin;2015;7.3
Benin;2016;7.6
Benin;2017;7.9
Benin;2018;8.1
Bolivia;2001;27.9
Bolivia;2002;26.9
Bolivia;2003;27.7
Bolivia;2004;27.7
Bolivia;2005;26.8
Bolivia;2006;24.6
Bolivia;2007;23.9
Bolivia;2008;24.7
Bolivia;2009;22.9
Bolivia;2010;20.4
Bolivia;2011;17.3
Bolivia;2012;16.7
Bolivia;2013;16.5
Bolivia;2014;15.6
Bolivia;2015;14.3
Bolivia;2016;13.1
Bolivia;2017;12.5
Bolivia;2018;12.1
Bosnia and Herzegovina;2001;3.2
Bosnia and Herzegovina;2002;3.0
Bosnia and Herzegovina;2003;2.6
Bosnia and Herzegovina;2004;2.5
Bosnia and Herzegovina;2005;2.5
Bosnia and Herzegovina;2006;2.5
Bosnia and Herzegovina;2007;2.5
Bosnia and Herzegovina;2008;2.5
Bosnia and Herzegovina;2009;2.5
Bosnia and Herzegovina;2010;2.5
Bosnia and Herzegovina;2011;2.5
Bosnia and Herzegovina;2012;2.5
Bosnia and Herzegovina;2013;2.5
Bosnia and Herzegovina;2014;2.5
Bosnia and Herzegovina;2015;2.5
Bosnia and Herzegovina;2016;2.5
Bosnia and Herzegovina;2017;2.5
Bosnia and Herzegovina;2018;2.5
Botswana;2001;23.7
Botswana;2002;24.1
Botswana;2003;24.5
Botswana;2004;23.7
Botswana;2005;22.6
Botswana;2006;22.3
Botswana;2007;22.2
Botswana;2008;22.0
Botswana;2009;21.9
Botswana;2010;21.5
Botswana;2011;21.0
Botswana;2012;20.3
Botswana;2013;19.7
Botswana;2014;19.3
Botswana;2015;19.6
Botswana;2016;20.1
Botswana;2017;21.3
Botswana;2018;21.5
Brazil;2001;10.7
Brazil;2002;9.3
Brazil;2003;7.9
Brazil;2004;6.8
Brazil;2005;6.5
Brazil;2006;6.2
Brazil;2007;5.6
Brazil;2008;5.1
Brazil;2009;4.3
Brazil;2010;3.7
Brazil;2011;3.2
Brazil;2012;3.0
Brazil;2013;2.8
Brazil;2014;2.5
Brazil;2015;2.5
Brazil;2016;2.5
Brazil;2017;2.5
Brazil;2018;2.5
Brunei;2001;20.0
Brunei;2002;19.3
Brunei;2003;18.3
Brunei;2004;17.7
Brunei;2005;17.0
Brunei;2006;16.2
Brunei;2007;15.2
Brunei;2008;14.2
Brunei;2009;12.8
Brunei;2010;11.4
Brunei;2011;10.0
Brunei;2012;9.2
Brunei;2013;8.4
Brunei;2014;8.0
Brunei;2015;7.4
Brunei;2016;6.8
Brunei;2017;6.2
Brunei;2018;5.8
Bulgaria;2001;4.0
Bulgaria;2002;4.2
Bulgaria;2003;4.5
Bulgaria;2004;4.9
Bulgaria;2005;4.9
Bulgaria;2006;5.1
Bulgaria;2007;4.6
Bulgaria;2008;4.5
Bulgaria;2009;4.1
Bulgaria;2010;4.0
Bulgaria;2011;4.0
Bulgaria;2012;3.7
Bulgaria;2013;3.2
Bulgaria;2014;3.3
Bulgaria;2015;3.4
Bulgaria;2016;3.5
Bulgaria;2017;3.0
Bulgaria;2018;2.8
Burkina Faso;2001;22.6
Burkina Faso;2002;20.5
Burkina Faso;2003;18.6
Burkina Faso;2004;18.1
Burkina Faso;2005;17.5
Burkina Faso;2006;17.1
Burkina Faso;2007;16.0
Burkina Faso;2008;15.4
Burkina Faso;2009;14.1
Burkina Faso;2010;13.3
Burkina Faso;2011;12.6
Burkina Faso;2012;12.2
Burkina Faso;2013;11.8
Burkina Faso;2014;11.8
Burkina Faso;2015;12.0
Burkina Faso;2016;12.3
Burkina Faso;2017;12.4
Burkina Faso;2018;12.7
Cambodia;2001;23.6
Cambodia;2002;21.2
Cambodia;2003;19.4
Cambodia;2004;18.5
Cambodia;2005;17.0
Cambodia;2006;15.6
Cambodia;2007;14.8
Cambodia;2008;14.5
Cambodia;2009;13.0
Cambodia;2010;11.2
Cambodia;2011;9.7
Cambodia;2012;9.5
Cambodia;2013;9.4
Cambodia;2014;9.2
Cambodia;2015;8.9
Cambodia;2016;8.5
Cambodia;2017;7.7
Cambodia;2018;6.6
Cameroon;2001;22.9
Cameroon;2002;20.7
Cameroon;2003;19.3
Cameroon;2004;17.6
Cameroon;2005;15.9
Cameroon;2006;14.1
Cameroon;2007;12.6
Cameroon;2008;11.2
Cameroon;2009;8.8
Cameroon;2010;7.1
Cameroon;2011;5.6
Cameroon;2012;5.2
Cameroon;2013;5.2
Cameroon;2014;5.3
Cameroon;2015;5.4
Cameroon;2016;5.9
Cameroon;2017;6.6
Cameroon;2018;6.9
Canada;2001;2.5
Canada;2002;2.5
Canada;2003;2.5
Canada;2004;2.5
Canada;2005;2.5
Canada;2006;2.5
Canada;2007;2.5
Canada;2008;2.5
Canada;2009;2.5
Canada;2010;2.5
Canada;2011;2.5
Canada;2012;2.5
Canada;2013;2.5
Canada;2014;2.5
Canada;2015;2.5
Canada;2016;2.5
Canada;2017;2.5
Canada;2018;2.5
Central African Republic;2001;39.2
Central African Republic;2002;40.1
Central African Republic;2003;40.6
Central African Republic;2004;40.5
Central African Republic;2005;39.6
Central African Republic;2006;37.7
Central African Republic;2007;35.7
Central African Republic;2008;33.3
Central African Republic;2009;31.9
Central African Republic;2010;30.3
Central African Republic;2011;29.6
Central African Republic;2012;33.0
Central African Republic;2013;40.2
Central African Republic;2014;47.9
Central African Republic;2015;49.9
Central African Republic;2016;48.6
Central African Republic;2017;46.1
Central African Republic;2018;46.8
Chad;2001;38.8
Chad;2002;37.6
Chad;2003;38.0
Chad;2004;37.1
Chad;2005;37.8
Chad;2006;38.4
Chad;2007;39.2
Chad;2008;40.1
Chad;2009;35.7
Chad;2010;31.4
Chad;2011;26.0
Chad;2012;25.4
Chad;2013;25.6
Chad;2014;27.0
Chad;2015;28.0
Chad;2016;28.5
Chad;2017;29.1
Chad;2018;30.3
Chile;2001;3.4
Chile;2002;3.2
Chile;2003;3.2
Chile;2004;3.2
Chile;2005;3.1
Chile;2006;3.1
Chile;2007;3.1
Chile;2008;3.4
Chile;2009;3.5
Chile;2010;3.4
Chile;2011;3.3
Chile;2012;3.1
Chile;2013;3.1
Chile;2014;3.0
Chile;2015;3.1
Chile;2016;3.1
Chile;2017;2.9
Chile;2018;2.7
China;2001;10.0
China;2002;9.4
China;2003;8.6
China;2004;7.9
China;2005;7.0
China;2006;6.1
China;2007;5.0
China;2008;4.0
China;2009;2.8
China;2010;2.5
China;2011;2.5
China;2012;2.5
China;2013;2.5
China;2014;2.5
China;2015;2.5
China;2016;2.5
China;2017;2.5
China;2018;2.5
Colombia;2001;8.7
Colombia;2002;9.1
Colombia;2003;9.8
Colombia;2004;10.6
Colombia;2005;11.2
Colombia;2006;11.4
Colombia;2007;11.0
Colombia;2008;11.3
Colombia;2009;12.1
Colombia;2010;12.9
Colombia;2011;12.3
Colombia;2012;10.7
Colombia;2013;8.9
Colombia;2014;7.5
Colombia;2015;6.5
Colombia;2016;6.0
Colombia;2017;5.9
Colombia;2018;6.2
Congo;2001;27.0
Congo;2002;26.4
Congo;2003;26.4
Congo;2004;31.7
Congo;2005;34.0
Congo;2006;36.6
Congo;2007;35.4
Congo;2008;35.5
Congo;2009;36.0
Congo;2010;36.5
Congo;2011;35.9
Congo;2012;32.9
Congo;2013;28.2
Congo;2014;25.3
Congo;2015;25.2
Congo;2016;26.4
Congo;2017;28.3
Congo;2018;29.3
Costa Rica;2001;4.7
Costa Rica;2002;5.0
Costa Rica;2003;5.2
Costa Rica;2004;5.0
Costa Rica;2005;4.4
Costa Rica;2006;3.9
Costa Rica;2007;3.8
Costa Rica;2008;3.9
Costa Rica;2009;4.3
Costa Rica;2010;4.6
Costa Rica;2011;5.0
Costa Rica;2012;5.0
Costa Rica;2013;4.9
Costa Rica;2014;4.7
Costa Rica;2015;4.1
Costa Rica;2016;3.6
Costa Rica;2017;3.2
Costa Rica;2018;3.2
Cote d'Ivoire;2001;20.4
Cote d'Ivoire;2002;21.0
Cote d'Ivoire;2003;20.6
Cote d'Ivoire;2004;19.3
Cote d'Ivoire;2005;18.3
Cote d'Ivoire;2006;17.6
Cote d'Ivoire;2007;17.9
Cote d'Ivoire;2008;18.2
Cote d'Ivoire;2009;16.3
Cote d'Ivoire;2010;13.6
Cote d'Ivoire;2011;10.9
Cote d'Ivoire;2012;10.0
Cote d'Ivoire;2013;9.9
Cote d'Ivoire;2014;9.2
Cote d'Ivoire;2015;8.3
Cote d'Ivoire;2016;6.9
Cote d'Ivoire;2017;6.0
Cote d'Ivoire;2018;5.2
Croatia;2001;6.8
Croatia;2002;4.6
Croatia;2003;3.7
Croatia;2004;3.1
Croatia;2005;2.5
Croatia;2006;2.5
Croatia;2007;2.5
Croatia;2008;2.5
Croatia;2009;2.5
Croatia;2010;2.5
Croatia;2011;2.5
Croatia;2012;2.5
Croatia;2013;2.5
Croatia;2014;2.5
Croatia;2015;2.5
Croatia;2016;2.5
Croatia;2017;2.5
Croatia;2018;2.5
Cuba;2001;2.5
Cuba;2002;2.5
Cuba;2003;2.5
Cuba;2004;2.5
Cuba;2005;2.5
Cuba;2006;2.5
Cuba;2007;2.5
Cuba;2008;2.5
Cuba;2009;2.5
Cuba;2010;2.5
Cuba;2011;2.5
Cuba;2012;2.5
Cuba;2013;2.5
Cuba;2014;2.5
Cuba;2015;2.5
Cuba;2016;2.5
Cuba;2017;2.5
Cuba;2018;2.5
Cyprus;2001;5.1
Cyprus;2002;5.7
Cyprus;2003;6.1
Cyprus;2004;6.9
Cyprus;2005;7.6
Cyprus;2006;7.5
Cyprus;2007;6.9
Cyprus;2008;6.4
Cyprus;2009;4.7
Cyprus;2010;3.0
Cyprus;2011;2.5
Cyprus;2012;2.5
Cyprus;2013;2.5
Cyprus;2014;2.5
Cyprus;2015;2.5
Cyprus;2016;2.5
Cyprus;2017;2.5
Cyprus;2018;2.5
Czechia;2001;2.5
Czechia;2002;2.5
Czechia;2003;2.5
Czechia;2004;2.5
Czechia;2005;2.5
Czechia;2006;2.5
Czechia;2007;2.5
Czechia;2008;2.5
Czechia;2009;2.5
Czechia;2010;2.5
Czechia;2011;2.5
Czechia;2012;2.5
Czechia;2013;2.5
Czechia;2014;2.5
Czechia;2015;2.5
Czechia;2016;2.5
Czechia;2017;2.5
Czechia;2018;2.5
Democratic Republic of Congo;2001;32.2
Democratic Republic of Congo;2002;33.7
Democratic Republic of Congo;2003;34.5
Democratic Republic of Congo;2004;34.7
Democratic Republic of Congo;2005;34.6
Democratic Republic of Congo;2006;34.6
Democratic Republic of Congo;2007;34.5
Democratic Republic of Congo;2008;34.5
Democratic Republic of Congo;2009;34.5
Democratic Republic of Congo;2010;34.2
Democratic Republic of Congo;2011;34.5
Democratic Republic of Congo;2012;35.1
Democratic Republic of Congo;2013;35.1
Democratic Republic of Congo;2014;35.1
Democratic Republic of Congo;2015;35.5
Democratic Republic of Congo;2016;36.0
Democratic Republic of Congo;2017;36.4
Democratic Republic of Congo;2018;36.3
Denmark;2001;2.5
Denmark;2002;2.5
Denmark;2003;2.5
Denmark;2004;2.5
Denmark;2005;2.5
Denmark;2006;2.5
Denmark;2007;2.5
Denmark;2008;2.5
Denmark;2009;2.5
Denmark;2010;2.5
Denmark;2011;2.5
Denmark;2012;2.5
Denmark;2013;2.5
Denmark;2014;2.5
Denmark;2015;2.5
Denmark;2016;2.5
Denmark;2017;2.5
Denmark;2018;2.5
Dominica;2001;3.7
Dominica;2002;4.1
Dominica;2003;4.7
Dominica;2004;5.0
Dominica;2005;5.4
Dominica;2006;5.0
Dominica;2007;4.6
Dominica;2008;4.1
Dominica;2009;4.5
Dominica;2010;4.8
Dominica;2011;5.2
Dominica;2012;5.4
Dominica;2013;5.5
Dominica;2014;5.3
Dominica;2015;5.3
Dominica;2016;5.4
Dominica;2017;5.7
Dominica;2018;5.7
Dominican Republic;2001;20.4
Dominican Republic;2002;22.6
Dominican Republic;2003;23.6
Dominican Republic;2004;23.0
Dominican Republic;2005;19.2
Dominican Republic;2006;16.4
Dominican Republic;2007;16.2
Dominican Republic;2008;16.0
Dominican Republic;2009;15.2
Dominican Republic;2010;13.0
Dominican Republic;2011;11.1
Dominican Republic;2012;9.8
Dominican Republic;2013;8.8
Dominican Republic;2014;8.2
Dominican Republic;2015;7.4
Dominican Republic;2016;6.8
Dominican Republic;2017;6.2
Dominican Republic;2018;6.1
East Timor;2001;41.5
East Timor;2002;36.5
East Timor;2003;33.1
East Timor;2004;32.5
East Timor;2005;32.2
East Timor;2006;31.9
East Timor;2007;31.7
East Timor;2008;32.4
East Timor;2009;31.8
East Timor;2010;31.2
East Timor;2011;29.3
East Timor;2012;28.3
East Timor;2013;26.7
East Timor;2014;25.3
East Timor;2015;24.5
East Timor;2016;24.2
East Timor;2017;24.6
East Timor;2018;25.1
Ecuador;2001;21.0
Ecuador;2002;22.7
Ecuador;2003;22.7
Ecuador;2004;22.7
Ecuador;2005;22.4
Ecuador;2006;22.8
Ecuador;2007;22.1
Ecuador;2008;21.3
Ecuador;2009;16.0
Ecuador;2010;12.3
Ecuador;2011;8.4
Ecuador;2012;8.8
Ecuador;2013;8.8
Ecuador;2014;8.7
Ecuador;2015;9.0
Ecuador;2016;9.7
Ecuador;2017;10.7
Ecuador;2018;11.6
Egypt;2001;5.2
Egypt;2002;5.4
Egypt;2003;6.0
Egypt;2004;6.4
Egypt;2005;6.4
Egypt;2006;6.0
Egypt;2007;5.7
Egypt;2008;5.6
Egypt;2009;4.9
Egypt;2010;4.5
Egypt;2011;3.8
Egypt;2012;4.0
Egypt;2013;4.1
Egypt;2014;4.2
Egypt;2015;4.4
Egypt;2016;4.6
Egypt;2017;4.9
Egypt;2018;4.9
El Salvador;2001;7.2
El Salvador;2002;7.1
El Salvador;2003;7.9
El Salvador;2004;8.7
El Salvador;2005;9.1
El Salvador;2006;9.4
El Salvador;2007;9.7
El Salvador;2008;9.9
El Salvador;2009;10.2
El Salvador;2010;10.5
El Salvador;2011;10.7
El Salvador;2012;10.7
El Salvador;2013;10.7
El Salvador;2014;10.8
El Salvador;2015;10.6
El Salvador;2016;9.9
El Salvador;2017;9.2
El Salvador;2018;8.4
Estonia;2001;3.6
Estonia;2002;3.5
Estonia;2003;3.3
Estonia;2004;2.9
Estonia;2005;2.5
Estonia;2006;2.5
Estonia;2007;2.5
Estonia;2008;2.5
Estonia;2009;2.5
Estonia;2010;2.5
Estonia;2011;2.5
Estonia;2012;2.5
Estonia;2013;2.5
Estonia;2014;2.5
Estonia;2015;2.5
Estonia;2016;2.5
Estonia;2017;2.5
Estonia;2018;2.5
Eswatini;2001;10.5
Eswatini;2002;9.7
Eswatini;2003;8.3
Eswatini;2004;8.4
Eswatini;2005;9.2
Eswatini;2006;10.2
Eswatini;2007;10.7
Eswatini;2008;10.9
Eswatini;2009;15.0
Eswatini;2010;17.6
Eswatini;2011;19.3
Eswatini;2012;16.2
Eswatini;2013;13.8
Eswatini;2014;12.7
Eswatini;2015;12.8
Eswatini;2016;13.0
Eswatini;2017;12.4
Eswatini;2018;11.8
Ethiopia;2001;47.0
Ethiopia;2002;44.2
Ethiopia;2003;42.6
Ethiopia;2004;39.0
Ethiopia;2005;37.1
Ethiopia;2006;35.6
Ethiopia;2007;35.0
Ethiopia;2008;33.5
Ethiopia;2009;28.5
Ethiopia;2010;24.7
Ethiopia;2011;20.9
Ethiopia;2012;19.4
Ethiopia;2013;17.7
Ethiopia;2014;15.9
Ethiopia;2015;14.8
Ethiopia;2016;14.4
Ethiopia;2017;15.7
Ethiopia;2018;18.2
Fiji;2001;4.0
Fiji;2002;3.8
Fiji;2003;3.9
Fiji;2004;3.8
Fiji;2005;3.7
Fiji;2006;3.7
Fiji;2007;3.7
Fiji;2008;3.9
Fiji;2009;4.8
Fiji;2010;5.6
Fiji;2011;6.6
Fiji;2012;6.5
Fiji;2013;6.7
Fiji;2014;6.3
Fiji;2015;6.5
Fiji;2016;6.3
Fiji;2017;6.2
Fiji;2018;5.5
Finland;2001;2.5
Finland;2002;2.5
Finland;2003;2.5
Finland;2004;2.5
Finland;2005;2.5
Finland;2006;2.5
Finland;2007;2.5
Finland;2008;2.5
Finland;2009;2.5
Finland;2010;2.5
Finland;2011;2.5
Finland;2012;2.5
Finland;2013;2.5
Finland;2014;2.5
Finland;2015;2.5
Finland;2016;2.5
Finland;2017;2.5
Finland;2018;2.5
France;2001;2.5
France;2002;2.5
France;2003;2.5
France;2004;2.5
France;2005;2.5
France;2006;2.5
France;2007;2.5
France;2008;2.5
France;2009;2.5
France;2010;2.5
France;2011;2.5
France;2012;2.5
France;2013;2.5
France;2014;2.5
France;2015;2.5
France;2016;2.5
France;2017;2.5
France;2018;2.5
French Polynesia;2001;4.2
French Polynesia;2002;4.1
French Polynesia;2003;3.9
French Polynesia;2004;3.9
French Polynesia;2005;3.8
French Polynesia;2006;3.8
French Polynesia;2007;3.8
French Polynesia;2008;3.7
French Polynesia;2009;3.6
French Polynesia;2010;3.5
French Polynesia;2011;3.6
French Polynesia;2012;3.6
French Polynesia;2013;3.6
French Polynesia;2014;3.5
French Polynesia;2015;3.6
French Polynesia;2016;3.8
French Polynesia;2017;4.0
French Polynesia;2018;4.1
Gabon;2001;10.7
Gabon;2002;12.1
Gabon;2003;13.3
Gabon;2004;13.9
Gabon;2005;14.3
Gabon;2006;14.8
Gabon;2007;15.9
Gabon;2008;16.8
Gabon;2009;16.3
Gabon;2010;14.7
Gabon;2011;13.1
Gabon;2012;12.8
Gabon;2013;12.9
Gabon;2014;13.3
Gabon;2015;13.9
Gabon;2016;15.1
Gabon;2017;16.1
Gabon;2018;17.0
Gambia;2001;17.8
Gambia;2002;19.6
Gambia;2003;20.5
Gambia;2004;20.7
Gambia;2005;21.7
Gambia;2006;20.7
Gambia;2007;18.7
Gambia;2008;15.8
Gambia;2009;12.8
Gambia;2010;10.4
Gambia;2011;8.7
Gambia;2012;9.1
Gambia;2013;9.8
Gambia;2014;10.5
Gambia;2015;11.0
Gambia;2016;11.6
Gambia;2017;12.2
Gambia;2018;13.1
Georgia;2001;7.7
Georgia;2002;5.9
Georgia;2003;4.8
Georgia;2004;4.1
Georgia;2005;4.1
Georgia;2006;4.0
Georgia;2007;4.0
Georgia;2008;3.6
Georgia;2009;5.0
Georgia;2010;6.7
Georgia;2011;8.2
Georgia;2012;7.8
Georgia;2013;7.9
Georgia;2014;7.9
Georgia;2015;8.1
Georgia;2016;8.3
Georgia;2017;8.1
Georgia;2018;7.8
Germany;2001;2.5
Germany;2002;2.5
Germany;2003;2.5
Germany;2004;2.5
Germany;2005;2.5
Germany;2006;2.5
Germany;2007;2.5
Germany;2008;2.5
Germany;2009;2.5
Germany;2010;2.5
Germany;2011;2.5
Germany;2012;2.5
Germany;2013;2.5
Germany;2014;2.5
Germany;2015;2.5
Germany;2016;2.5
Germany;2017;2.5
Germany;2018;2.5
Ghana;2001;14.9
Ghana;2002;13.5
Ghana;2003;12.6
Ghana;2004;12.2
Ghana;2005;11.2
Ghana;2006;10.6
Ghana;2007;9.4
Ghana;2008;8.2
Ghana;2009;6.6
Ghana;2010;6.1
Ghana;2011;6.1
Ghana;2012;6.4
Ghana;2013;6.6
Ghana;2014;7.1
Ghana;2015;7.7
Ghana;2016;7.7
Ghana;2017;7.1
Ghana;2018;6.2
Greece;2001;2.5
Greece;2002;2.5
Greece;2003;2.5
Greece;2004;2.5
Greece;2005;2.5
Greece;2006;2.5
Greece;2007;2.5
Greece;2008;2.5
Greece;2009;2.5
Greece;2010;2.5
Greece;2011;2.5
Greece;2012;2.5
Greece;2013;2.5
Greece;2014;2.5
Greece;2015;2.5
Greece;2016;2.5
Greece;2017;2.5
Greece;2018;2.5
Guatemala;2001;22.2
Guatemala;2002;19.9
Guatemala;2003;18.9
Guatemala;2004;19.1
Guatemala;2005;18.9
Guatemala;2006;17.8
Guatemala;2007;18.2
Guatemala;2008;17.9
Guatemala;2009;17.6
Guatemala;2010;16.4
Guatemala;2011;16.3
Guatemala;2012;16.8
Guatemala;2013;17.5
Guatemala;2014;17.7
Guatemala;2015;17.3
Guatemala;2016;16.4
Guatemala;2017;16.3
Guatemala;2018;16.2
Guyana;2001;6.5
Guyana;2002;6.5
Guyana;2003;6.8
Guyana;2004;6.9
Guyana;2005;7.1
Guyana;2006;7.1
Guyana;2007;7.5
Guyana;2008;7.6
Guyana;2009;8.4
Guyana;2010;8.7
Guyana;2011;8.6
Guyana;2012;8.0
Guyana;2013;7.4
Guyana;2014;7.0
Guyana;2015;6.8
Guyana;2016;6.4
Guyana;2017;6.1
Guyana;2018;5.4
Haiti;2001;50.7
Haiti;2002;52.6
Haiti;2003;53.0
Haiti;2004;53.7
Haiti;2005;52.9
Haiti;2006;51.9
Haiti;2007;50.1
Haiti;2008;48.6
Haiti;2009;45.8
Haiti;2010;44.4
Haiti;2011;44.0
Haiti;2012;44.7
Haiti;2013;43.7
Haiti;2014;42.6
Haiti;2015;42.4
Haiti;2016;43.2
Haiti;2017;44.6
Haiti;2018;45.4
Honduras;2001;21.9
Honduras;2002;21.2
Honduras;2003;21.7
Honduras;2004;22.2
Honduras;2005;22.3
Honduras;2006;21.8
Honduras;2007;21.0
Honduras;2008;20.8
Honduras;2009;18.3
Honduras;2010;15.8
Honduras;2011;13.4
Honduras;2012;13.4
Honduras;2013;14.2
Honduras;2014;14.6
Honduras;2015;14.5
Honduras;2016;13.8
Honduras;2017;13.2
Honduras;2018;13.1
Hong Kong;2001;2.5
Hong Kong;2002;2.5
Hong Kong;2003;2.5
Hong Kong;2004;2.5
Hong Kong;2005;2.5
Hong Kong;2006;2.5
Hong Kong;2007;2.5
Hong Kong;2008;2.5
Hong Kong;2009;2.5
Hong Kong;2010;2.5
Hong Kong;2011;2.5
Hong Kong;2012;2.5
Hong Kong;2013;2.5
Hong Kong;2014;2.5
Hong Kong;2015;2.5
Hong Kong;2016;2.5
Hong Kong;2017;2.5
Hong Kong;2018;2.5
Hungary;2001;2.5
Hungary;2002;2.5
Hungary;2003;2.5
Hungary;2004;2.5
Hungary;2005;2.5
Hungary;2006;2.5
Hungary;2007;2.5
Hungary;2008;2.5
Hungary;2009;2.5
Hungary;2010;2.5
Hungary;2011;2.5
Hungary;2012;2.5
Hungary;2013;2.5
Hungary;2014;2.5
Hungary;2015;2.5
Hungary;2016;2.5
Hungary;2017;2.5
Hungary;2018;2.5
Iceland;2001;2.5
Iceland;2002;2.5
Iceland;2003;2.5
Iceland;2004;2.5
Iceland;2005;2.5
Iceland;2006;2.5
Iceland;2007;2.5
Iceland;2008;2.5
Iceland;2009;2.5
Iceland;2010;2.5
Iceland;2011;2.5
Iceland;2012;2.5
Iceland;2013;2.5
Iceland;2014;2.5
Iceland;2015;2.5
Iceland;2016;2.5
Iceland;2017;2.5
Iceland;2018;2.5
India;2001;18.4
India;2002;20.1
India;2003;21.5
India;2004;22.1
India;2005;21.6
India;2006;19.6
India;2007;17.5
India;2008;16.6
India;2009;16.3
India;2010;15.9
India;2011;15.4
India;2012;14.9
India;2013;14.9
India;2014;14.8
India;2015;14.5
India;2016;13.9
India;2017;13.2
India;2018;13.3
Indonesia;2001;19.2
Indonesia;2002;19.1
Indonesia;2003;18.9
Indonesia;2004;19.1
Indonesia;2005;19.2
Indonesia;2006;19.0
Indonesia;2007;18.5
Indonesia;2008;17.4
Indonesia;2009;15.4
Indonesia;2010;13.0
Indonesia;2011;10.7
Indonesia;2012;9.3
Indonesia;2013;8.2
Indonesia;2014;7.9
Indonesia;2015;7.2
Indonesia;2016;6.6
Indonesia;2017;5.9
Indonesia;2018;5.9
Iran;2001;4.8
Iran;2002;5.0
Iran;2003;5.0
Iran;2004;4.9
Iran;2005;5.2
Iran;2006;5.5
Iran;2007;5.7
Iran;2008;5.4
Iran;2009;5.5
Iran;2010;6.1
Iran;2011;6.3
Iran;2012;6.0
Iran;2013;5.1
Iran;2014;4.9
Iran;2015;4.7
Iran;2016;4.9
Iran;2017;5.2
Iran;2018;5.2
Iraq;2001;22.1
Iraq;2002;21.4
Iraq;2003;20.2
Iraq;2004;19.4
Iraq;2005;17.9
Iraq;2006;18.0
Iraq;2007;17.8
Iraq;2008;17.0
Iraq;2009;15.8
Iraq;2010;15.0
Iraq;2011;15.9
Iraq;2012;16.6
Iraq;2013;16.8
Iraq;2014;17.3
Iraq;2015;18.4
Iraq;2016;19.1
Iraq;2017;18.8
Iraq;2018;18.1
Ireland;2001;2.5
Ireland;2002;2.5
Ireland;2003;2.5
Ireland;2004;2.5
Ireland;2005;2.5
Ireland;2006;2.5
Ireland;2007;2.5
Ireland;2008;2.5
Ireland;2009;2.5
Ireland;2010;2.5
Ireland;2011;2.5
Ireland;2012;2.5
Ireland;2013;2.5
Ireland;2014;2.5
Ireland;2015;2.5
Ireland;2016;2.5
Ireland;2017;2.5
Ireland;2018;2.5
Israel;2001;2.5
Israel;2002;2.5
Israel;2003;2.5
Israel;2004;2.5
Israel;2005;2.5
Israel;2006;2.5
Israel;2007;2.5
Israel;2008;2.5
Israel;2009;2.5
Israel;2010;2.5
Israel;2011;2.5
Israel;2012;2.5
Israel;2013;2.5
Israel;2014;2.5
Israel;2015;2.5
Israel;2016;2.5
Israel;2017;2.5
Israel;2018;2.5
Italy;2001;2.5
Italy;2002;2.5
Italy;2003;2.5
Italy;2004;2.5
Italy;2005;2.5
Italy;2006;2.5
Italy;2007;2.5
Italy;2008;2.5
Italy;2009;2.5
Italy;2010;2.5
Italy;2011;2.5
Italy;2012;2.5
Italy;2013;2.5
Italy;2014;2.5
Italy;2015;2.5
Italy;2016;2.5
Italy;2017;2.5
Italy;2018;2.5
Jamaica;2001;7.4
Jamaica;2002;6.9
Jamaica;2003;7.0
Jamaica;2004;7.1
Jamaica;2005;7.4
Jamaica;2006;7.7
Jamaica;2007;8.3
Jamaica;2008;9.0
Jamaica;2009;9.6
Jamaica;2010;9.7
Jamaica;2011;9.9
Jamaica;2012;9.7
Jamaica;2013;9.7
Jamaica;2014;9.3
Jamaica;2015;9.7
Jamaica;2016;9.3
Jamaica;2017;9.0
Jamaica;2018;8.1
Japan;2001;2.5
Japan;2002;2.5
Japan;2003;2.5
Japan;2004;2.5
Japan;2005;2.5
Japan;2006;2.5
Japan;2007;2.5
Japan;2008;2.5
Japan;2009;2.6
Japan;2010;2.7
Japan;2011;2.5
Japan;2012;2.5
Japan;2013;2.5
Japan;2014;2.5
Japan;2015;2.5
Japan;2016;2.5
Japan;2017;2.5
Japan;2018;2.5
Jordan;2001;9.7
Jordan;2002;7.7
Jordan;2003;6.3
Jordan;2004;5.7
Jordan;2005;5.5
Jordan;2006;5.7
Jordan;2007;6.1
Jordan;2008;6.5
Jordan;2009;6.4
Jordan;2010;6.2
Jordan;2011;6.1
Jordan;2012;6.3
Jordan;2013;6.0
Jordan;2014;6.0
Jordan;2015;6.3
Jordan;2016;7.1
Jordan;2017;8.8
Jordan;2018;11.2
Kazakhstan;2001;6.5
Kazakhstan;2002;6.6
Kazakhstan;2003;7.1
Kazakhstan;2004;7.5
Kazakhstan;2005;7.3
Kazakhstan;2006;6.3
Kazakhstan;2007;5.1
Kazakhstan;2008;4.3
Kazakhstan;2009;3.7
Kazakhstan;2010;3.2
Kazakhstan;2011;2.6
Kazakhstan;2012;2.5
Kazakhstan;2013;2.5
Kazakhstan;2014;2.5
Kazakhstan;2015;2.5
Kazakhstan;2016;2.5
Kazakhstan;2017;2.5
Kazakhstan;2018;2.5
Kenya;2001;32.2
Kenya;2002;33.6
Kenya;2003;34.9
Kenya;2004;32.1
Kenya;2005;28.5
Kenya;2006;26.1
Kenya;2007;26.9
Kenya;2008;26.6
Kenya;2009;24.7
Kenya;2010;22.2
Kenya;2011;20.6
Kenya;2012;19.8
Kenya;2013;19.5
Kenya;2014;19.6
Kenya;2015;21.5
Kenya;2016;23.3
Kenya;2017;25.1
Kenya;2018;24.7
Kiribati;2001;4.4
Kiribati;2002;4.6
Kiribati;2003;5.0
Kiribati;2004;5.1
Kiribati;2005;5.3
Kiribati;2006;5.5
Kiribati;2007;6.0
Kiribati;2008;6.2
Kiribati;2009;5.4
Kiribati;2010;4.4
Kiribati;2011;3.5
Kiribati;2012;3.3
Kiribati;2013;3.3
Kiribati;2014;3.2
Kiribati;2015;3.2
Kiribati;2016;3.3
Kiribati;2017;3.4
Kiribati;2018;3.9
Kuwait;2001;2.6
Kuwait;2002;2.5
Kuwait;2003;2.5
Kuwait;2004;2.5
Kuwait;2005;2.5
Kuwait;2006;2.5
Kuwait;2007;2.5
Kuwait;2008;2.5
Kuwait;2009;2.5
Kuwait;2010;2.5
Kuwait;2011;2.5
Kuwait;2012;2.5
Kuwait;2013;2.5
Kuwait;2014;2.5
Kuwait;2015;2.5
Kuwait;2016;2.5
Kuwait;2017;2.5
Kuwait;2018;2.5
Kyrgyzstan;2001;15.0
Kyrgyzstan;2002;12.9
Kyrgyzstan;2003;10.6
Kyrgyzstan;2004;8.5
Kyrgyzstan;2005;8.5
Kyrgyzstan;2006;9.0
Kyrgyzstan;2007;9.6
Kyrgyzstan;2008;8.8
Kyrgyzstan;2009;8.2
Kyrgyzstan;2010;7.3
Kyrgyzstan;2011;6.7
Kyrgyzstan;2012;6.3
Kyrgyzstan;2013;6.1
Kyrgyzstan;2014;6.1
Kyrgyzstan;2015;6.3
Kyrgyzstan;2016;6.1
Kyrgyzstan;2017;5.8
Kyrgyzstan;2018;5.4
Laos;2001;31.2
Laos;2002;29.5
Laos;2003;26.9
Laos;2004;24.1
Laos;2005;22.4
Laos;2006;20.6
Laos;2007;20.1
Laos;2008;18.3
Laos;2009;16.8
Laos;2010;14.1
Laos;2011;12.8
Laos;2012;11.3
Laos;2013;10.0
Laos;2014;8.0
Laos;2015;6.7
Laos;2016;5.9
Laos;2017;5.6
Laos;2018;5.3
Latvia;2001;4.6
Latvia;2002;3.4
Latvia;2003;2.8
Latvia;2004;2.5
Latvia;2005;2.5
Latvia;2006;2.5
Latvia;2007;2.5
Latvia;2008;2.5
Latvia;2009;2.5
Latvia;2010;2.5
Latvia;2011;2.5
Latvia;2012;2.5
Latvia;2013;2.5
Latvia;2014;2.5
Latvia;2015;2.5
Latvia;2016;2.5
Latvia;2017;2.5
Latvia;2018;2.5
Lebanon;2001;7.8
Lebanon;2002;8.6
Lebanon;2003;9.6
Lebanon;2004;10.7
Lebanon;2005;10.9
Lebanon;2006;10.5
Lebanon;2007;9.9
Lebanon;2008;9.4
Lebanon;2009;7.6
Lebanon;2010;5.7
Lebanon;2011;4.2
Lebanon;2012;4.6
Lebanon;2013;5.0
Lebanon;2014;5.5
Lebanon;2015;5.9
Lebanon;2016;6.2
Lebanon;2017;6.8
Lebanon;2018;7.1
Lesotho;2001;20.0
Lesotho;2002;18.5
Lesotho;2003;16.8
Lesotho;2004;15.3
Lesotho;2005;13.7
Lesotho;2006;12.8
Lesotho;2007;12.4
Lesotho;2008;12.3
Lesotho;2009;11.9
Lesotho;2010;11.6
Lesotho;2011;12.0
Lesotho;2012;14.8
Lesotho;2013;19.3
Lesotho;2014;26.1
Lesotho;2015;30.3
Lesotho;2016;32.0
Lesotho;2017;29.5
Lesotho;2018;28.7
Liberia;2001;36.6
Liberia;2002;38.1
Liberia;2003;37.6
Liberia;2004;36.5
Liberia;2005;35.8
Liberia;2006;35.3
Liberia;2007;34.4
Liberia;2008;32.9
Liberia;2009;33.1
Liberia;2010;34.5
Liberia;2011;35.7
Liberia;2012;36.2
Liberia;2013;36.1
Liberia;2014;36.8
Liberia;2015;36.4
Liberia;2016;36.3
Liberia;2017;36.6
Liberia;2018;37.5
Lithuania;2001;2.5
Lithuania;2002;2.5
Lithuania;2003;2.5
Lithuania;2004;2.5
Lithuania;2005;2.5
Lithuania;2006;2.5
Lithuania;2007;2.5
Lithuania;2008;2.5
Lithuania;2009;2.5
Lithuania;2010;2.5
Lithuania;2011;2.5
Lithuania;2012;2.5
Lithuania;2013;2.5
Lithuania;2014;2.5
Lithuania;2015;2.5
Lithuania;2016;2.5
Lithuania;2017;2.5
Lithuania;2018;2.5
Madagascar;2001;33.8
Madagascar;2002;35.2
Madagascar;2003;36.5
Madagascar;2004;35.0
Madagascar;2005;33.4
Madagascar;2006;31.0
Madagascar;2007;30.5
Madagascar;2008;30.4
Madagascar;2009;29.7
Madagascar;2010;28.2
Madagascar;2011;27.3
Madagascar;2012;29.4
Madagascar;2013;33.0
Madagascar;2014;37.6
Madagascar;2015;40.2
Madagascar;2016;41.6
Madagascar;2017;42.3
Madagascar;2018;44.3
Malawi;2001;23.6
Malawi;2002;23.8
Malawi;2003;24.6
Malawi;2004;24.0
Malawi;2005;22.5
Malawi;2006;20.8
Malawi;2007;19.3
Malawi;2008;19.0
Malawi;2009;17.1
Malawi;2010;15.5
Malawi;2011;13.7
Malawi;2012;14.0
Malawi;2013;14.8
Malawi;2014;15.4
Malawi;2015;16.0
Malawi;2016;16.1
Malawi;2017;16.6
Malawi;2018;16.8
Malaysia;2001;2.5
Malaysia;2002;2.8
Malaysia;2003;2.9
Malaysia;2004;3.1
Malaysia;2005;3.2
Malaysia;2006;3.4
Malaysia;2007;3.6
Malaysia;2008;3.6
Malaysia;2009;3.7
Malaysia;2010;3.4
Malaysia;2011;3.3
Malaysia;2012;3.3
Malaysia;2013;3.5
Malaysia;2014;3.6
Malaysia;2015;3.8
Malaysia;2016;3.5
Malaysia;2017;3.2
Malaysia;2018;2.7
Mali;2001;16.2
Mali;2002;15.2
Mali;2003;15.1
Mali;2004;14.4
Mali;2005;13.3
Mali;2006;11.9
Mali;2007;10.4
Mali;2008;9.4
Mali;2009;7.4
Mali;2010;5.8
Mali;2011;4.2
Mali;2012;3.9
Mali;2013;3.7
Mali;2014;3.6
Mali;2015;3.4
Mali;2016;3.1
Mali;2017;3.1
Mali;2018;3.4
Malta;2001;2.5
Malta;2002;2.5
Malta;2003;2.5
Malta;2004;2.5
Malta;2005;2.5
Malta;2006;2.5
Malta;2007;2.5
Malta;2008;2.5
Malta;2009;2.5
Malta;2010;2.5
Malta;2011;2.5
Malta;2012;2.5
Malta;2013;2.5
Malta;2014;2.5
Malta;2015;2.5
Malta;2016;2.5
Malta;2017;2.5
Malta;2018;2.5
Mauritius;2001;5.7
Mauritius;2002;5.6
Mauritius;2003;5.4
Mauritius;2004;5.2
Mauritius;2005;5.1
Mauritius;2006;5.0
Mauritius;2007;5.2
Mauritius;2008;5.0
Mauritius;2009;4.7
Mauritius;2010;4.3
Mauritius;2011;4.5
Mauritius;2012;4.9
Mauritius;2013;5.2
Mauritius;2014;5.3
Mauritius;2015;5.6
Mauritius;2016;5.8
Mauritius;2017;6.0
Mauritius;2018;6.0
Mexico;2001;3.3
Mexico;2002;3.7
Mexico;2003;4.3
Mexico;2004;4.6
Mexico;2005;4.4
Mexico;2006;4.1
Mexico;2007;4.1
Mexico;2008;4.5
Mexico;2009;4.7
Mexico;2010;4.8
Mexico;2011;4.7
Mexico;2012;4.6
Mexico;2013;4.2
Mexico;2014;4.4
Mexico;2015;5.0
Mexico;2016;5.8
Mexico;2017;6.1
Mexico;2018;6.0
Montenegro;2001;9.6
Montenegro;2002;9.2
Montenegro;2003;8.4
Montenegro;2004;7.7
Montenegro;2005;5.5
Montenegro;2006;3.1
Montenegro;2007;2.5
Montenegro;2008;2.5
Montenegro;2009;2.5
Montenegro;2010;2.5
Montenegro;2011;2.5
Montenegro;2012;2.5
Montenegro;2013;2.5
Montenegro;2014;2.5
Montenegro;2015;2.5
Montenegro;2016;2.5
Montenegro;2017;2.5
Montenegro;2018;2.5
Morocco;2001;6.3
Morocco;2002;5.9
Morocco;2003;5.6
Morocco;2004;5.5
Morocco;2005;5.5
Morocco;2006;5.6
Morocco;2007;5.5
Morocco;2008;5.6
Morocco;2009;5.4
Morocco;2010;5.1
Morocco;2011;4.6
Morocco;2012;4.4
Morocco;2013;4.2
Morocco;2014;4.1
Morocco;2015;3.8
Morocco;2016;3.8
Morocco;2017;3.7
Morocco;2018;3.8
Mozambique;2001;36.5
Mozambique;2002;35.2
Mozambique;2003;34.1
Mozambique;2004;34.1
Mozambique;2005;33.3
Mozambique;2006;32.4
Mozambique;2007;29.9
Mozambique;2008;28.6
Mozambique;2009;25.8
Mozambique;2010;24.1
Mozambique;2011;21.8
Mozambique;2012;21.0
Mozambique;2013;22.4
Mozambique;2014;25.7
Mozambique;2015;29.7
Mozambique;2016;31.5
Mozambique;2017;31.4
Mozambique;2018;31.0
Myanmar;2001;37.6
Myanmar;2002;34.8
Myanmar;2003;32.4
Myanmar;2004;30.2
Myanmar;2005;27.8
Myanmar;2006;24.5
Myanmar;2007;20.5
Myanmar;2008;17.1
Myanmar;2009;12.9
Myanmar;2010;10.2
Myanmar;2011;7.8
Myanmar;2012;7.1
Myanmar;2013;6.1
Myanmar;2014;5.1
Myanmar;2015;4.2
Myanmar;2016;3.5
Myanmar;2017;3.0
Myanmar;2018;2.6
Namibia;2001;13.5
Namibia;2002;14.5
Namibia;2003;15.7
Namibia;2004;16.6
Namibia;2005;18.2
Namibia;2006;20.1
Namibia;2007;23.5
Namibia;2008;27.6
Namibia;2009;29.5
Namibia;2010;28.8
Namibia;2011;25.5
Namibia;2012;23.5
Namibia;2013;22.2
Namibia;2014;21.5
Namibia;2015;21.0
Namibia;2016;20.2
Namibia;2017;19.9
Namibia;2018;20.0
Nepal;2001;23.5
Nepal;2002;21.7
Nepal;2003;19.8
Nepal;2004;17.6
Nepal;2005;16.8
Nepal;2006;15.9
Nepal;2007;14.9
Nepal;2008;13.0
Nepal;2009;11.2
Nepal;2010;9.9
Nepal;2011;8.6
Nepal;2012;7.7
Nepal;2013;6.8
Nepal;2014;6.1
Nepal;2015;5.3
Nepal;2016;4.5
Nepal;2017;4.2
Nepal;2018;4.3
Netherlands;2001;2.5
Netherlands;2002;2.5
Netherlands;2003;2.5
Netherlands;2004;2.5
Netherlands;2005;2.5
Netherlands;2006;2.5
Netherlands;2007;2.5
Netherlands;2008;2.5
Netherlands;2009;2.5
Netherlands;2010;2.5
Netherlands;2011;2.5
Netherlands;2012;2.5
Netherlands;2013;2.5
Netherlands;2014;2.5
Netherlands;2015;2.5
Netherlands;2016;2.5
Netherlands;2017;2.5
Netherlands;2018;2.5
New Caledonia;2001;8.4
New Caledonia;2002;8.7
New Caledonia;2003;9.1
New Caledonia;2004;9.5
New Caledonia;2005;9.6
New Caledonia;2006;9.5
New Caledonia;2007;9.4
New Caledonia;2008;9.1
New Caledonia;2009;8.2
New Caledonia;2010;7.3
New Caledonia;2011;6.6
New Caledonia;2012;6.6
New Caledonia;2013;6.4
New Caledonia;2014;6.2
New Caledonia;2015;6.2
New Caledonia;2016;6.5
New Caledonia;2017;6.7
New Caledonia;2018;6.8
New Zealand;2001;2.5
New Zealand;2002;2.5
New Zealand;2003;2.5
New Zealand;2004;2.5
New Zealand;2005;2.5
New Zealand;2006;2.5
New Zealand;2007;2.5
New Zealand;2008;2.5
New Zealand;2009;2.5
New Zealand;2010;2.5
New Zealand;2011;2.5
New Zealand;2012;2.5
New Zealand;2013;2.5
New Zealand;2014;2.5
New Zealand;2015;2.5
New Zealand;2016;2.5
New Zealand;2017;2.5
New Zealand;2018;2.5
Nicaragua;2001;27.5
Nicaragua;2002;25.2
Nicaragua;2003;25.0
Nicaragua;2004;24.0
Nicaragua;2005;23.3
Nicaragua;2006;22.2
Nicaragua;2007;21.6
Nicaragua;2008;21.2
Nicaragua;2009;20.8
Nicaragua;2010;20.0
Nicaragua;2011;19.2
Nicaragua;2012;19.0
Nicaragua;2013;19.3
Nicaragua;2014;19.7
Nicaragua;2015;19.0
Nicaragua;2016;18.0
Nicaragua;2017;17.2
Nicaragua;2018;17.4
Nigeria;2001;8.9
Nigeria;2002;8.9
Nigeria;2003;8.6
Nigeria;2004;7.9
Nigeria;2005;7.1
Nigeria;2006;6.7
Nigeria;2007;6.6
Nigeria;2008;6.8
Nigeria;2009;7.5
Nigeria;2010;8.2
Nigeria;2011;8.8
Nigeria;2012;9.1
Nigeria;2013;9.1
Nigeria;2014;9.2
Nigeria;2015;9.2
Nigeria;2016;9.4
Nigeria;2017;10.0
Nigeria;2018;10.4
North Korea;2001;35.7
North Korea;2002;34.8
North Korea;2003;32.3
North Korea;2004;32.6
North Korea;2005;33.8
North Korea;2006;36.1
North Korea;2007;38.2
North Korea;2008;39.7
North Korea;2009;39.6
North Korea;2010;39.1
North Korea;2011;38.2
North Korea;2012;38.6
North Korea;2013;38.6
North Korea;2014;39.6
North Korea;2015;40.3
North Korea;2016;41.2
North Korea;2017;42.9
North Korea;2018;42.6
North Macedonia;2001;7.5
North Macedonia;2002;7.5
North Macedonia;2003;5.8
North Macedonia;2004;5.5
North Macedonia;2005;5.0
North Macedonia;2006;4.4
North Macedonia;2007;3.6
North Macedonia;2008;2.9
North Macedonia;2009;3.1
North Macedonia;2010;3.4
North Macedonia;2011;3.6
North Macedonia;2012;3.7
North Macedonia;2013;3.6
North Macedonia;2014;3.5
North Macedonia;2015;3.3
North Macedonia;2016;3.0
North Macedonia;2017;2.8
North Macedonia;2018;2.5
Norway;2001;2.5
Norway;2002;2.5
Norway;2003;2.5
Norway;2004;2.5
Norway;2005;2.5
Norway;2006;2.5
Norway;2007;2.5
Norway;2008;2.5
Norway;2009;2.5
Norway;2010;2.5
Norway;2011;2.5
Norway;2012;2.5
Norway;2013;2.5
Norway;2014;2.5
Norway;2015;2.5
Norway;2016;2.5
Norway;2017;2.5
Norway;2018;2.5
Oman;2001;12.3
Oman;2002;11.3
Oman;2003;11.0
Oman;2004;10.1
Oman;2005;9.6
Oman;2006;9.6
Oman;2007;9.7
Oman;2008;9.7
Oman;2009;8.6
Oman;2010;7.7
Oman;2011;6.8
Oman;2012;6.6
Oman;2013;6.6
Oman;2014;7.1
Oman;2015;8.1
Oman;2016;8.4
Oman;2017;8.4
Oman;2018;7.9
Pakistan;2001;21.1
Pakistan;2002;21.8
Pakistan;2003;21.0
Pakistan;2004;19.0
Pakistan;2005;17.6
Pakistan;2006;16.4
Pakistan;2007;15.8
Pakistan;2008;15.8
Pakistan;2009;15.6
Pakistan;2010;15.4
Pakistan;2011;15.1
Pakistan;2012;14.7
Pakistan;2013;14.2
Pakistan;2014;13.4
Pakistan;2015;12.8
Pakistan;2016;12.4
Pakistan;2017;12.1
Pakistan;2018;12.3
Panama;2001;24.5
Panama;2002;20.5
Panama;2003;21.0
Panama;2004;21.3
Panama;2005;21.6
Panama;2006;18.5
Panama;2007;16.2
Panama;2008;14.1
Panama;2009;12.4
Panama;2010;10.9
Panama;2011;9.1
Panama;2012;8.4
Panama;2013;8.2
Panama;2014;8.3
Panama;2015;8.1
Panama;2016;7.8
Panama;2017;6.7
Panama;2018;6.0
Papua New Guinea;2001;26.3
Papua New Guinea;2002;27.0
Papua New Guinea;2003;27.7
Papua New Guinea;2004;28.6
Papua New Guinea;2005;27.4
Papua New Guinea;2006;27.3
Papua New Guinea;2007;26.6
Papua New Guinea;2008;27.0
Papua New Guinea;2009;26.6
Papua New Guinea;2010;26.2
Papua New Guinea;2011;25.0
Papua New Guinea;2012;24.0
Papua New Guinea;2013;23.3
Papua New Guinea;2014;23.1
Papua New Guinea;2015;23.0
Papua New Guinea;2016;23.2
Papua New Guinea;2017;23.1
Papua New Guinea;2018;22.6
Paraguay;2001;10.5
Paraguay;2002;9.3
Paraguay;2003;8.8
Paraguay;2004;9.1
Paraguay;2005;9.5
Paraguay;2006;9.7
Paraguay;2007;9.4
Paraguay;2008;9.6
Paraguay;2009;8.8
Paraguay;2010;7.7
Paraguay;2011;7.2
Paraguay;2012;7.2
Paraguay;2013;7.4
Paraguay;2014;7.1
Paraguay;2015;7.4
Paraguay;2016;7.7
Paraguay;2017;7.8
Paraguay;2018;7.8
Peru;2001;21.5
Peru;2002;22.9
Peru;2003;23.1
Peru;2004;21.7
Peru;2005;18.8
Peru;2006;15.7
Peru;2007;13.7
Peru;2008;11.6
Peru;2009;9.7
Peru;2010;8.7
Peru;2011;7.7
Peru;2012;6.7
Peru;2013;5.7
Peru;2014;5.4
Peru;2015;5.9
Peru;2016;6.9
Peru;2017;7.6
Peru;2018;7.6
Philippines;2001;18.7
Philippines;2002;18.4
Philippines;2003;17.0
Philippines;2004;15.9
Philippines;2005;14.4
Philippines;2006;13.2
Philippines;2007;12.1
Philippines;2008;11.3
Philippines;2009;11.5
Philippines;2010;12.2
Philippines;2011;12.4
Philippines;2012;12.1
Philippines;2013;11.6
Philippines;2014;11.1
Philippines;2015;10.2
Philippines;2016;8.8
Philippines;2017;7.5
Philippines;2018;6.2
Poland;2001;2.5
Poland;2002;2.5
Poland;2003;2.5
Poland;2004;2.5
Poland;2005;2.5
Poland;2006;2.5
Poland;2007;2.5
Poland;2008;2.5
Poland;2009;2.5
Poland;2010;2.5
Poland;2011;2.5
Poland;2012;2.5
Poland;2013;2.5
Poland;2014;2.5
Poland;2015;2.5
Poland;2016;2.5
Poland;2017;2.5
Poland;2018;2.5
Portugal;2001;2.5
Portugal;2002;2.5
Portugal;2003;2.5
Portugal;2004;2.5
Portugal;2005;2.5
Portugal;2006;2.5
Portugal;2007;2.5
Portugal;2008;2.5
Portugal;2009;2.5
Portugal;2010;2.5
Portugal;2011;2.5
Portugal;2012;2.5
Portugal;2013;2.5
Portugal;2014;2.5
Portugal;2015;2.5
Portugal;2016;2.5
Portugal;2017;2.5
Portugal;2018;2.5
Romania;2001;2.5
Romania;2002;2.5
Romania;2003;2.5
Romania;2004;2.5
Romania;2005;2.5
Romania;2006;2.5
Romania;2007;2.5
Romania;2008;2.5
Romania;2009;2.5
Romania;2010;2.5
Romania;2011;2.5
Romania;2012;2.5
Romania;2013;2.5
Romania;2014;2.5
Romania;2015;2.5
Romania;2016;2.5
Romania;2017;2.5
Romania;2018;2.5
Russia;2001;4.0
Russia;2002;3.3
Russia;2003;2.8
Russia;2004;2.5
Russia;2005;2.5
Russia;2006;2.5
Russia;2007;2.5
Russia;2008;2.5
Russia;2009;2.5
Russia;2010;2.5
Russia;2011;2.5
Russia;2012;2.5
Russia;2013;2.5
Russia;2014;2.5
Russia;2015;2.5
Russia;2016;2.5
Russia;2017;2.5
Russia;2018;2.5
Rwanda;2001;38.5
Rwanda;2002;35.2
Rwanda;2003;34.6
Rwanda;2004;35.9
Rwanda;2005;35.3
Rwanda;2006;33.7
Rwanda;2007;32.3
Rwanda;2008;29.5
Rwanda;2009;29.9
Rwanda;2010;31.4
Rwanda;2011;34.3
Rwanda;2012;34.5
Rwanda;2013;34.8
Rwanda;2014;35.1
Rwanda;2015;35.3
Rwanda;2016;34.9
Rwanda;2017;34.7
Rwanda;2018;34.7
Saint Vincent and the Grenadines;2001;13.4
Saint Vincent and the Grenadines;2002;11.9
Saint Vincent and the Grenadines;2003;9.5
Saint Vincent and the Grenadines;2004;8.7
Saint Vincent and the Grenadines;2005;7.9
Saint Vincent and the Grenadines;2006;7.2
Saint Vincent and the Grenadines;2007;6.8
Saint Vincent and the Grenadines;2008;6.4
Saint Vincent and the Grenadines;2009;6.0
Saint Vincent and the Grenadines;2010;5.8
Saint Vincent and the Grenadines;2011;5.6
Saint Vincent and the Grenadines;2012;5.5
Saint Vincent and the Grenadines;2013;5.4
Saint Vincent and the Grenadines;2014;5.6
Saint Vincent and the Grenadines;2015;5.9
Saint Vincent and the Grenadines;2016;5.8
Saint Vincent and the Grenadines;2017;5.7
Saint Vincent and the Grenadines;2018;5.5
Samoa;2001;3.5
Samoa;2002;3.5
Samoa;2003;3.4
Samoa;2004;3.3
Samoa;2005;3.4
Samoa;2006;3.8
Samoa;2007;3.9
Samoa;2008;4.0
Samoa;2009;3.9
Samoa;2010;4.2
Samoa;2011;4.1
Samoa;2012;4.0
Samoa;2013;3.7
Samoa;2014;4.1
Samoa;2015;4.4
Samoa;2016;4.7
Samoa;2017;4.6
Samoa;2018;4.5
Saudi Arabia;2001;4.9
Saudi Arabia;2002;5.0
Saudi Arabia;2003;5.1
Saudi Arabia;2004;5.0
Saudi Arabia;2005;4.8
Saudi Arabia;2006;4.5
Saudi Arabia;2007;4.8
Saudi Arabia;2008;5.5
Saudi Arabia;2009;5.6
Saudi Arabia;2010;5.9
Saudi Arabia;2011;5.4
Saudi Arabia;2012;5.4
Saudi Arabia;2013;4.6
Saudi Arabia;2014;4.3
Saudi Arabia;2015;3.7
Saudi Arabia;2016;3.7
Saudi Arabia;2017;3.7
Saudi Arabia;2018;3.8
Senegal;2001;24.1
Senegal;2002;22.9
Senegal;2003;21.4
Senegal;2004;19.6
Senegal;2005;18.1
Senegal;2006;16.5
Senegal;2007;13.6
Senegal;2008;11.9
Senegal;2009;11.0
Senegal;2010;11.3
Senegal;2011;11.5
Senegal;2012;11.9
Senegal;2013;12.0
Senegal;2014;11.8
Senegal;2015;10.7
Senegal;2016;9.5
Senegal;2017;8.5
Senegal;2018;7.8
Serbia;2001;3.1
Serbia;2002;3.0
Serbia;2003;2.7
Serbia;2004;2.5
Serbia;2005;2.5
Serbia;2006;2.5
Serbia;2007;2.5
Serbia;2008;2.5
Serbia;2009;2.5
Serbia;2010;2.5
Serbia;2011;2.6
Serbia;2012;2.6
Serbia;2013;3.2
Serbia;2014;3.7
Serbia;2015;4.1
Serbia;2016;4.2
Serbia;2017;4.0
Serbia;2018;3.8
Sierra Leone;2001;50.7
Sierra Leone;2002;49.8
Sierra Leone;2003;49.4
Sierra Leone;2004;48.8
Sierra Leone;2005;46.7
Sierra Leone;2006;43.7
Sierra Leone;2007;41.7
Sierra Leone;2008;40.3
Sierra Leone;2009;34.9
Sierra Leone;2010;29.1
Sierra Leone;2011;24.4
Sierra Leone;2012;24.3
Sierra Leone;2013;25.4
Sierra Leone;2014;25.0
Sierra Leone;2015;25.8
Sierra Leone;2016;25.9
Sierra Leone;2017;27.2
Sierra Leone;2018;27.7
Slovakia;2001;6.1
Slovakia;2002;6.2
Slovakia;2003;6.0
Slovakia;2004;5.8
Slovakia;2005;5.5
Slovakia;2006;5.6
Slovakia;2007;5.4
Slovakia;2008;4.9
Slovakia;2009;4.7
Slovakia;2010;5.0
Slovakia;2011;5.8
Slovakia;2012;5.6
Slovakia;2013;5.4
Slovakia;2014;5.8
Slovakia;2015;5.8
Slovakia;2016;5.6
Slovakia;2017;4.4
Slovakia;2018;3.9
Slovenia;2001;2.5
Slovenia;2002;2.5
Slovenia;2003;2.5
Slovenia;2004;2.5
Slovenia;2005;2.5
Slovenia;2006;2.5
Slovenia;2007;2.5
Slovenia;2008;2.5
Slovenia;2009;2.5
Slovenia;2010;2.5
Slovenia;2011;2.5
Slovenia;2012;2.5
Slovenia;2013;2.5
Slovenia;2014;2.5
Slovenia;2015;2.5
Slovenia;2016;2.5
Slovenia;2017;2.5
Slovenia;2018;2.5
Solomon Islands;2001;13.3
Solomon Islands;2002;13.1
Solomon Islands;2003;12.6
Solomon Islands;2004;12.7
Solomon Islands;2005;12.5
Solomon Islands;2006;12.8
Solomon Islands;2007;12.6
Solomon Islands;2008;13.2
Solomon Islands;2009;13.0
Solomon Islands;2010;13.7
Solomon Islands;2011;14.7
Solomon Islands;2012;16.5
Solomon Islands;2013;18.0
Solomon Islands;2014;18.7
Solomon Islands;2015;18.5
Solomon Islands;2016;18.1
Solomon Islands;2017;17.7
Solomon Islands;2018;17.6
South Africa;2001;3.9
South Africa;2002;3.7
South Africa;2003;3.6
South Africa;2004;3.4
South Africa;2005;3.4
South Africa;2006;3.5
South Africa;2007;3.6
South Africa;2008;3.6
South Africa;2009;3.6
South Africa;2010;3.7
South Africa;2011;3.8
South Africa;2012;3.9
South Africa;2013;4.3
South Africa;2014;4.8
South Africa;2015;5.2
South Africa;2016;5.4
South Africa;2017;5.5
South Africa;2018;5.7
South Korea;2001;2.5
South Korea;2002;2.6
South Korea;2003;2.6
South Korea;2004;2.6
South Korea;2005;2.5
South Korea;2006;2.5
South Korea;2007;2.5
South Korea;2008;2.5
South Korea;2009;2.5
South Korea;2010;2.5
South Korea;2011;2.5
South Korea;2012;2.5
South Korea;2013;2.5
South Korea;2014;2.5
South Korea;2015;2.5
South Korea;2016;2.5
South Korea;2017;2.5
South Korea;2018;2.5
Spain;2001;2.5
Spain;2002;2.5
Spain;2003;2.5
Spain;2004;2.5
Spain;2005;2.5
Spain;2006;2.5
Spain;2007;2.5
Spain;2008;2.5
Spain;2009;2.5
Spain;2010;2.5
Spain;2011;2.5
Spain;2012;2.5
Spain;2013;2.5
Spain;2014;2.5
Spain;2015;2.5
Spain;2016;2.5
Spain;2017;2.5
Spain;2018;2.5
Sri Lanka;2001;16.7
Sri Lanka;2002;16.1
Sri Lanka;2003;15.7
Sri Lanka;2004;15.0
Sri Lanka;2005;14.0
Sri Lanka;2006;13.2
Sri Lanka;2007;11.8
Sri Lanka;2008;10.8
Sri Lanka;2009;9.8
Sri Lanka;2010;9.6
Sri Lanka;2011;8.9
Sri Lanka;2012;8.1
Sri Lanka;2013;7.0
Sri Lanka;2014;6.0
Sri Lanka;2015;5.2
Sri Lanka;2016;4.7
Sri Lanka;2017;4.3
Sri Lanka;2018;4.1
Sudan;2001;21.5
Sudan;2002;20.3
Sudan;2003;20.0
Sudan;2004;19.7
Sudan;2005;18.9
Sudan;2006;17.6
Sudan;2007;16.7
Sudan;2008;16.3
Sudan;2009;16.5
Sudan;2010;16.5
Sudan;2011;15.5
Sudan;2012;13.5
Sudan;2013;11.7
Sudan;2014;11.1
Sudan;2015;11.2
Sudan;2016;11.8
Sudan;2017;11.8
Sudan;2018;11.8
Suriname;2001;11.8
Suriname;2002;11.5
Suriname;2003;10.9
Suriname;2004;10.3
Suriname;2005;9.7
Suriname;2006;8.8
Suriname;2007;8.8
Suriname;2008;8.3
Suriname;2009;7.7
Suriname;2010;7.3
Suriname;2011;7.4
Suriname;2012;7.4
Suriname;2013;7.1
Suriname;2014;7.3
Suriname;2015;7.8
Suriname;2016;8.3
Suriname;2017;8.3
Suriname;2018;8.0
Sweden;2001;2.5
Sweden;2002;2.5
Sweden;2003;2.5
Sweden;2004;2.5
Sweden;2005;2.5
Sweden;2006;2.5
Sweden;2007;2.5
Sweden;2008;2.5
Sweden;2009;2.5
Sweden;2010;2.5
Sweden;2011;2.5
Sweden;2012;2.5
Sweden;2013;2.5
Sweden;2014;2.5
Sweden;2015;2.5
Sweden;2016;2.5
Sweden;2017;2.5
Sweden;2018;2.5
Switzerland;2001;2.5
Switzerland;2002;2.5
Switzerland;2003;2.5
Switzerland;2004;2.5
Switzerland;2005;2.5
Switzerland;2006;2.5
Switzerland;2007;2.5
Switzerland;2008;2.5
Switzerland;2009;2.5
Switzerland;2010;2.5
Switzerland;2011;2.5
Switzerland;2012;2.5
Switzerland;2013;2.5
Switzerland;2014;2.5
Switzerland;2015;2.5
Switzerland;2016;2.5
Switzerland;2017;2.5
Switzerland;2018;2.5
Tanzania;2001;33.1
Tanzania;2002;34.0
Tanzania;2003;32.5
Tanzania;2004;31.6
Tanzania;2005;28.4
Tanzania;2006;25.9
Tanzania;2007;25.7
Tanzania;2008;25.9
Tanzania;2009;26.7
Tanzania;2010;25.6
Tanzania;2011;24.2
Tanzania;2012;23.2
Tanzania;2013;22.7
Tanzania;2014;22.5
Tanzania;2015;22.5
Tanzania;2016;22.7
Tanzania;2017;23.0
Tanzania;2018;23.3
Thailand;2001;17.3
Thailand;2002;16.4
Thailand;2003;15.0
Thailand;2004;13.7
Thailand;2005;11.9
Thailand;2006;10.6
Thailand;2007;10.2
Thailand;2008;10.6
Thailand;2009;10.3
Thailand;2010;9.9
Thailand;2011;9.0
Thailand;2012;8.8
Thailand;2013;8.2
Thailand;2014;7.8
Thailand;2015;7.3
Thailand;2016;7.5
Thailand;2017;7.7
Thailand;2018;7.8
Togo;2001;31.3
Togo;2002;31.1
Togo;2003;29.8
Togo;2004;28.7
Togo;2005;27.7
Togo;2006;27.2
Togo;2007;26.2
Togo;2008;25.5
Togo;2009;23.0
Togo;2010;20.8
Togo;2011;19.4
Togo;2012;19.4
Togo;2013;19.4
Togo;2014;20.2
Togo;2015;20.5
Togo;2016;21.2
Togo;2017;21.0
Togo;2018;20.7
Trinidad and Tobago;2001;10.0
Trinidad and Tobago;2002;10.5
Trinidad and Tobago;2003;11.1
Trinidad and Tobago;2004;11.5
Trinidad and Tobago;2005;11.1
Trinidad and Tobago;2006;10.5
Trinidad and Tobago;2007;9.9
Trinidad and Tobago;2008;9.6
Trinidad and Tobago;2009;9.1
Trinidad and Tobago;2010;8.2
Trinidad and Tobago;2011;7.2
Trinidad and Tobago;2012;6.7
Trinidad and Tobago;2013;6.6
Trinidad and Tobago;2014;6.6
Trinidad and Tobago;2015;6.8
Trinidad and Tobago;2016;6.8
Trinidad and Tobago;2017;6.9
Trinidad and Tobago;2018;7.0
Tunisia;2001;4.4
Tunisia;2002;4.4
Tunisia;2003;4.5
Tunisia;2004;4.4
Tunisia;2005;4.3
Tunisia;2006;4.3
Tunisia;2007;4.0
Tunisia;2008;3.8
Tunisia;2009;3.6
Tunisia;2010;3.4
Tunisia;2011;3.2
Tunisia;2012;3.0
Tunisia;2013;2.8
Tunisia;2014;2.7
Tunisia;2015;2.5
Tunisia;2016;2.5
Tunisia;2017;2.5
Tunisia;2018;2.5
Turkey;2001;2.5
Turkey;2002;2.5
Turkey;2003;2.5
Turkey;2004;2.5
Turkey;2005;2.5
Turkey;2006;2.5
Turkey;2007;2.5
Turkey;2008;2.5
Turkey;2009;2.5
Turkey;2010;2.5
Turkey;2011;2.5
Turkey;2012;2.5
Turkey;2013;2.5
Turkey;2014;2.5
Turkey;2015;2.5
Turkey;2016;2.5
Turkey;2017;2.5
Turkey;2018;2.5
Turkmenistan;2001;6.8
Turkmenistan;2002;6.2
Turkmenistan;2003;5.2
Turkmenistan;2004;4.5
Turkmenistan;2005;4.2
Turkmenistan;2006;4.0
Turkmenistan;2007;3.9
Turkmenistan;2008;4.0
Turkmenistan;2009;4.2
Turkmenistan;2010;4.3
Turkmenistan;2011;4.3
Turkmenistan;2012;4.3
Turkmenistan;2013;3.9
Turkmenistan;2014;3.6
Turkmenistan;2015;3.4
Turkmenistan;2016;3.4
Turkmenistan;2017;3.5
Turkmenistan;2018;3.5
Ukraine;2001;3.0
Ukraine;2002;2.5
Ukraine;2003;2.5
Ukraine;2004;2.5
Ukraine;2005;2.5
Ukraine;2006;2.5
Ukraine;2007;2.5
Ukraine;2008;2.5
Ukraine;2009;2.5
Ukraine;2010;2.5
Ukraine;2011;2.5
Ukraine;2012;2.5
Ukraine;2013;2.5
Ukraine;2014;2.5
Ukraine;2015;2.5
Ukraine;2016;2.5
Ukraine;2017;2.5
Ukraine;2018;2.5
United Arab Emirates;2001;2.8
United Arab Emirates;2002;3.8
United Arab Emirates;2003;5.1
United Arab Emirates;2004;6.9
United Arab Emirates;2005;8.0
United Arab Emirates;2006;8.3
United Arab Emirates;2007;8.1
United Arab Emirates;2008;7.4
United Arab Emirates;2009;8.0
United Arab Emirates;2010;8.4
United Arab Emirates;2011;8.8
United Arab Emirates;2012;7.9
United Arab Emirates;2013;7.1
United Arab Emirates;2014;6.6
United Arab Emirates;2015;6.5
United Arab Emirates;2016;6.3
United Arab Emirates;2017;6.4
United Arab Emirates;2018;6.2
United Kingdom;2001;2.5
United Kingdom;2002;2.5
United Kingdom;2003;2.5
United Kingdom;2004;2.5
United Kingdom;2005;2.5
United Kingdom;2006;2.5
United Kingdom;2007;2.5
United Kingdom;2008;2.5
United Kingdom;2009;2.5
United Kingdom;2010;2.5
United Kingdom;2011;2.5
United Kingdom;2012;2.5
United Kingdom;2013;2.5
United Kingdom;2014;2.5
United Kingdom;2015;2.5
United Kingdom;2016;2.5
United Kingdom;2017;2.5
United Kingdom;2018;2.5
United States;2001;2.5
United States;2002;2.5
United States;2003;2.5
United States;2004;2.5
United States;2005;2.5
United States;2006;2.5
United States;2007;2.5
United States;2008;2.5
United States;2009;2.5
United States;2010;2.5
United States;2011;2.5
United States;2012;2.5
United States;2013;2.5
United States;2014;2.5
United States;2015;2.5
United States;2016;2.5
United States;2017;2.5
United States;2018;2.5
Uruguay;2001;3.6
Uruguay;2002;3.5
Uruguay;2003;3.7
Uruguay;2004;3.8
Uruguay;2005;3.9
Uruguay;2006;3.7
Uruguay;2007;3.1
Uruguay;2008;2.5
Uruguay;2009;2.5
Uruguay;2010;2.5
Uruguay;2011;2.5
Uruguay;2012;2.5
Uruguay;2013;2.5
Uruguay;2014;2.5
Uruguay;2015;2.5
Uruguay;2016;2.5
Uruguay;2017;2.5
Uruguay;2018;2.5
Uzbekistan;2001;17.9
Uzbekistan;2002;19.2
Uzbekistan;2003;18.7
Uzbekistan;2004;16.8
Uzbekistan;2005;14.7
Uzbekistan;2006;12.6
Uzbekistan;2007;11.5
Uzbekistan;2008;11.2
Uzbekistan;2009;8.4
Uzbekistan;2010;5.4
Uzbekistan;2011;2.5
Uzbekistan;2012;2.5
Uzbekistan;2013;2.5
Uzbekistan;2014;2.5
Uzbekistan;2015;2.5
Uzbekistan;2016;2.5
Uzbekistan;2017;2.5
Uzbekistan;2018;2.5
Vanuatu;2001;7.5
Vanuatu;2002;7.4
Vanuatu;2003;7.2
Vanuatu;2004;7.0
Vanuatu;2005;6.9
Vanuatu;2006;6.4
Vanuatu;2007;6.1
Vanuatu;2008;5.9
Vanuatu;2009;6.1
Vanuatu;2010;6.3
Vanuatu;2011;6.9
Vanuatu;2012;7.4
Vanuatu;2013;8.1
Vanuatu;2014;8.8
Vanuatu;2015;10.3
Vanuatu;2016;11.2
Vanuatu;2017;12.3
Vanuatu;2018;12.6
Venezuela;2001;14.9
Venezuela;2002;15.1
Venezuela;2003;14.6
Venezuela;2004;10.0
Venezuela;2005;8.4
Venezuela;2006;7.0
Venezuela;2007;4.8
Venezuela;2008;2.8
Venezuela;2009;2.5
Venezuela;2010;2.5
Venezuela;2011;2.5
Venezuela;2012;2.5
Venezuela;2013;2.5
Venezuela;2014;4.5
Venezuela;2015;11.3
Venezuela;2016;16.4
Venezuela;2017;22.2
Venezuela;2018;22.7
Vietnam;2001;19.7
Vietnam;2002;18.0
Vietnam;2003;16.3
Vietnam;2004;15.7
Vietnam;2005;15.5
Vietnam;2006;15.3
Vietnam;2007;14.1
Vietnam;2008;12.9
Vietnam;2009;11.7
Vietnam;2010;10.9
Vietnam;2011;9.8
Vietnam;2012;9.2
Vietnam;2013;8.7
Vietnam;2014;8.6
Vietnam;2015;8.1
Vietnam;2016;7.8
Vietnam;2017;7.2
Vietnam;2018;6.8
Yemen;2001;26.7
Yemen;2002;27.6
Yemen;2003;28.0
Yemen;2004;28.3
Yemen;2005;27.8
Yemen;2006;26.6
Yemen;2007;26.1
Yemen;2008;26.0
Yemen;2009;24.2
Yemen;2010;27.1
Yemen;2011;29.1
Yemen;2012;33.3
Yemen;2013;34.3
Yemen;2014;38.1
Yemen;2015;43.4
Yemen;2016;46.1
Yemen;2017;46.6
Yemen;2018;44.7
